Date,dsp_toxins,dsp_phyto,mean_sst,mean_chl,mean_temp,max_temp,min_temp,mean_wind_intensity,wind_dir,rainfall
2015-01-11,17.0,20.0,289.6928405761719,1.256647944450378,11.97142857142857,16.74285714285714,6.842857142857143,2.757142857142857,5.879352522187583,0.0
2015-01-18,41.0,20.0,289.2928466796875,0.9445356726646423,12.32857142857143,16.41428571428571,7.628571428571427,3.3,4.367394346408878,5.514285714285713
2015-01-25,36.0,20.0,288.5950012207031,1.749023079872131,11.2,16.12857142857143,6.899999999999999,3.757142857142857,5.085945862822442,0.2571428571428572
2015-02-01,36.0,20.0,288.4314270019531,1.179192423820496,12.57142857142857,17.3,7.328571428571427,4.314285714285714,6.666666666666667,0.0
2015-02-08,27.0,20.0,287.5657043457031,2.784515857696533,9.628571428571428,14.11428571428572,5.542857142857143,4.128571428571428,6.0,0.05714285714285715
2015-02-15,36.0,20.0,287.6707153320312,1.558953285217285,12.22857142857143,15.2,9.057142857142859,4.7,4.714285714285714,1.542857142857143
2015-02-22,36.0,20.0,287.7149963378906,3.420678853988647,13.17142857142857,17.42857142857143,9.642857142857142,4.22857142857143,5.571428571428571,0.0
2015-03-01,17.0,20.0,287.5492858886719,2.351099491119385,13.9,19.0,9.77142857142857,3.9,7.285714285714286,0.0
2015-03-08,32.8125,140.62962962962962,287.6333312988281,1.9017378489176435,18.378795749704835,17.20714285714286,14.3193919716647,3.7797752558967517,4.77063063063063,0.5017857142857143
2015-03-15,31.1875,140.62962962962962,287.7173767089844,1.4523762067159018,18.378795749704835,18.7,14.3193919716647,3.7797752558967517,4.77063063063063,0.6910714285714286
2015-03-22,36.0,20.0,287.8014221191406,1.00301456451416,13.14285714285714,16.1,10.35714285714286,3.414285714285715,3.428571428571428,2.414285714285714
2015-03-29,34.0,20.0,288.0228576660156,4.493383407592773,15.5,21.4,10.27142857142857,3.971428571428572,7.142857142857143,0.0
2015-04-05,40.5,140.62962962962962,289.0707092285156,5.496945381164551,18.68571428571428,23.07142857142857,14.44285714285714,2.928571428571428,3.714285714285714,0.0
2015-04-12,23.0,60.0,288.8128356933594,2.259047746658325,16.27142857142857,18.94285714285714,13.85714285714286,5.957142857142856,2.857142857142857,1.514285714285714
2015-04-19,45.0,20.0,289.5064086914062,4.507043838500977,16.84285714285715,20.91428571428571,12.92857142857143,4.014285714285714,4.857142857142857,0.2714285714285714
2015-04-26,79.0,20.0,289.8099975585938,3.312970399856567,17.5,20.64285714285714,13.87142857142857,4.385714285714285,5.571428571428571,0.2
2015-05-03,50.3125,140.62962962962962,290.19642639160156,2.5007245540618896,18.378795749704835,23.120408163265303,14.3193919716647,3.7797752558967517,4.77063063063063,0.24821428571428572
2015-05-10,86.0,100.0,290.5828552246094,1.688478708267212,19.27142857142857,23.02857142857143,15.27142857142857,3.785714285714285,5.428571428571429,0.0
2015-05-17,42.0,20.0,291.8628540039062,1.478280901908875,23.98571428571429,29.9,17.84285714285715,4.3,3.428571428571428,0.0
2015-05-24,53.0,20.0,291.9700012207031,1.321558713912964,20.91428571428571,25.34285714285714,16.61428571428572,4.042857142857143,5.285714285714286,0.0
2015-05-31,59.625,140.62962962962962,292.98963928222656,1.5532559156417847,18.378795749704835,26.326190476190476,14.3193919716647,3.7797752558967517,4.77063063063063,0.04107142857142858
2015-06-07,56.0,20.0,294.00927734375,1.784953117370605,24.68571428571429,28.64285714285715,20.0,3.985714285714285,3.571428571428572,0.0
2015-06-14,44.0,20.0,293.7007141113281,0.6947792768478394,20.62857142857143,23.71428571428572,17.8,4.528571428571428,4.857142857142857,0.1285714285714286
2015-06-21,80.0,20.0,294.2528381347656,0.8913017511367798,23.31428571428571,27.32857142857143,19.14285714285714,3.771428571428571,4.428571428571429,0.0
2015-06-28,37.0,6596.0,294.7521362304688,0.6960307359695435,24.62857142857143,29.01428571428571,18.85714285714286,3.614285714285714,5.0,0.0
2015-07-05,63.0,40.0,294.9271240234375,0.932788610458374,23.6,27.02857142857143,19.08571428571429,3.471428571428572,5.714285714285714,0.0
2015-07-12,47.111111111111114,140.62962962962962,294.9228515625,0.7524412572383881,18.378795749704835,28.806122448979597,14.3193919716647,3.7797752558967517,4.77063063063063,0.014285714285714287
2015-07-19,55.0,20.0,294.9185791015625,0.5720939040184021,26.65714285714285,31.21428571428572,22.17142857142857,3.4,5.142857142857143,0.0
2015-07-26,33.0,20.0,294.8021240234375,0.9706045985221863,26.32857142857143,32.38571428571429,21.81428571428572,3.628571428571429,6.142857142857143,0.0
2015-08-02,38.0,20.0,293.8435668945312,1.602497220039368,25.64285714285714,30.95714285714286,21.04285714285714,3.814285714285714,5.571428571428571,0.0
2015-08-09,18.0,20.0,293.6357116699219,2.249112129211426,25.58571428571428,30.17142857142857,20.77142857142857,3.171428571428571,5.285714285714286,0.0
2015-08-16,41.875,140.62962962962962,293.2303466796875,3.419210195541382,18.378795749704835,29.08571428571429,14.3193919716647,3.7797752558967517,4.77063063063063,0.0
2015-08-23,44.0,20.0,292.8249816894531,4.589308261871338,22.11428571428572,26.47142857142857,18.45714285714286,3.7,4.428571428571429,0.0
2015-08-30,44.0,20.0,293.1942749023438,5.955466747283936,24.2,28.01428571428572,20.18571428571428,3.671428571428572,5.0,0.0
2015-09-06,55.0,20.0,293.4164123535156,6.352840423583984,20.64285714285714,24.38571428571429,16.71428571428572,3.885714285714286,6.428571428571429,0.0
2015-09-13,48.0,20.0,293.3599853515625,4.034737110137939,21.12857142857143,24.47142857142857,17.42857142857143,3.185714285714285,5.857142857142857,0.0
2015-09-20,77.0,140.62962962962962,293.3135681152344,3.5536130666732784,18.378795749704835,25.177551020408167,14.3193919716647,3.7797752558967517,4.77063063063063,1.15
2015-09-27,45.0,40.0,293.2671508789062,3.072489023208618,21.3,25.31428571428571,17.67142857142857,2.7,4.428571428571429,0.0
2015-10-04,202.0,20.0,293.8892822265625,2.039362668991089,21.74285714285714,25.25714285714286,17.9,3.128571428571429,3.571428571428572,0.4428571428571429
2015-10-11,122.0,20.0,293.8442687988281,1.608645796775818,19.42857142857143,22.32857142857143,16.62857142857143,3.757142857142857,4.714285714285714,2.928571428571428
2015-10-18,56.0,20.0,293.2107238769531,1.231611251831055,19.54285714285714,22.57142857142857,17.21428571428572,3.328571428571428,4.0,5.828571428571428
2015-10-25,81.0,20.0,293.3128662109375,3.577393293380737,19.54285714285714,22.37142857142857,17.24285714285714,4.114285714285714,2.857142857142857,6.171428571428572
2015-11-01,74.88888888888889,140.62962962962962,293.0850067138672,2.9047642946243286,18.378795749704835,22.289795918367343,14.3193919716647,3.7797752558967517,4.77063063063063,1.7619047619047619
2015-11-08,36.0,20.0,292.8571472167969,2.23213529586792,18.68571428571428,21.67142857142857,15.32857142857143,4.057142857142858,2.714285714285714,0.4857142857142858
2015-11-15,44.0,20.0,292.9685668945312,1.622746229171753,17.65714285714285,21.48571428571428,13.98571428571429,2.814285714285714,4.0,0.0
2015-11-22,44.0,20.0,292.6021423339844,1.203754663467407,15.65714285714286,20.34285714285714,10.98571428571429,2.428571428571428,6.142857142857143,0.0
2015-11-29,44.0,160.0,291.7171325683594,2.955286979675293,14.67142857142857,19.68571428571428,10.18571428571429,2.942857142857143,6.0,0.0
2015-12-06,44.0,120.0,291.2956848144531,1.10703456401825,15.44285714285714,19.1,11.87142857142857,3.485714285714285,2.571428571428572,0.0
2015-12-13,44.0,20.0,291.1707153320312,0.4991112947463989,16.5,19.15714285714285,13.71428571428571,4.328571428571428,2.142857142857143,0.0
2015-12-20,44.0,180.0,291.2342834472656,0.65610271692276,16.2,19.34285714285715,13.57142857142857,3.471428571428572,2.714285714285714,0.5428571428571428
2015-12-27,42.666666666666664,140.62962962962962,290.9007080078125,0.7282522678375244,18.378795749704835,19.32142857142857,14.3193919716647,3.7797752558967517,4.77063063063063,0.23095238095238094
2016-01-03,40.583333333333336,140.62962962962962,290.5671325683594,0.8004018187522888,18.378795749704835,18.87142857142857,14.3193919716647,3.7797752558967517,4.77063063063063,0.2761904761904762
2016-01-10,39.9,140.62962962962962,290.2335571289062,0.8725513696670533,18.378795749704835,18.460714285714282,14.3193919716647,3.7797752558967517,4.77063063063063,0.33142857142857146
2016-01-17,38.3,140.62962962962962,289.8999816894531,0.9447009205818176,18.378795749704835,18.228571428571424,14.3193919716647,3.7797752558967517,4.77063063063063,0.44571428571428573
2016-01-24,36.0,20.0,289.56640625,1.016850471496582,14.92857142857143,17.88571428571428,12.21428571428571,3.085714285714285,3.285714285714286,0.8428571428571429
2016-01-31,31.5,20.0,289.5978698730469,1.801455974578857,13.18571428571429,17.45714285714285,9.22857142857143,2.257142857142857,5.857142857142857,0.2714285714285714
2016-02-07,35.1,140.62962962962962,289.43714904785156,1.609445810317993,18.378795749704835,17.335714285714282,14.3193919716647,3.7797752558967517,4.77063063063063,0.47428571428571437
2016-02-14,36.0,140.62962962962962,289.2764282226562,1.417435646057129,15.24285714285714,17.84285714285715,12.48571428571429,6.128571428571428,5.428571428571429,0.5714285714285714
2016-02-21,36.0,20.0,288.3392944335938,1.761005401611328,12.25714285714286,16.15714285714285,8.485714285714286,5.085714285714286,5.714285714285714,0.6857142857142857
2016-02-28,35.4375,140.62962962962962,288.1767883300781,2.066234827041626,18.378795749704835,17.36428571428571,14.3193919716647,3.7797752558967517,4.77063063063063,0.3678571428571429
2016-03-06,36.0,80.0,288.0142822265625,2.371464252471924,12.74285714285714,18.01428571428571,7.742857142857142,3.457142857142857,7.0,0.0
2016-03-13,36.0,140.62962962962962,287.8257141113281,3.451762914657593,12.9,18.01428571428572,7.6,3.571428571428572,6.714285714285714,0.0
2016-03-20,36.0,140.62962962962962,287.9757080078125,5.754791736602783,13.17142857142857,16.7,8.742857142857144,2.857142857142857,5.571428571428571,0.5142857142857143
2016-03-27,36.0,20.0,288.0899963378906,5.752274513244629,13.75714285714286,18.14285714285714,8.685714285714287,3.585714285714286,6.428571428571429,0.05714285714285715
2016-04-03,36.0,140.62962962962962,288.25927734375,8.421990394592285,13.9,18.02857142857143,9.4,3.714285714285714,6.428571428571429,0.04285714285714286
2016-04-10,36.0,20.0,288.1749877929688,4.521909236907959,15.32857142857143,19.75714285714286,11.05714285714286,4.899999999999999,6.857142857142857,0.4857142857142857
2016-04-17,36.0,20.0,288.5164184570312,1.384655952453613,15.78571428571429,18.62857142857143,13.17142857142857,4.142857142857143,5.0,2.585714285714286
2016-04-24,36.0,20.0,289.02783203125,1.7538161277771,16.77142857142857,19.81428571428571,13.77142857142857,2.828571428571429,4.428571428571429,2.485714285714285
2016-05-01,155.0,20.0,289.9549865722656,3.060413837432861,18.87142857142857,22.67142857142857,14.68571428571429,3.542857142857142,4.714285714285714,0.0
2016-05-08,192.0,120.0,290.1506958007812,5.031773567199707,18.34285714285715,22.08571428571429,15.1,5.8,3.285714285714286,11.51428571428571
2016-05-15,170.0,80.0,290.2278442382812,2.121065378189087,16.57142857142857,20.21428571428572,12.8,5.514285714285714,5.714285714285714,5.142857142857143
2016-05-22,115.0,20.0,291.2685546875,1.805327415466309,21.2,25.44285714285714,17.35714285714286,3.328571428571428,5.428571428571429,0.0
2016-05-29,84.0,140.62962962962962,291.4049987792969,1.453335165977478,18.6,21.97142857142857,14.52857142857143,4.414285714285714,5.0,0.4571428571428572
2016-06-05,100.77777777777777,140.62962962962962,291.6324920654297,2.2614534497261047,18.378795749704835,25.153061224489793,14.3193919716647,3.7797752558967517,4.77063063063063,1.901587301587301
2016-06-12,73.0,140.62962962962962,291.8599853515625,3.069571733474731,24.27142857142857,30.34285714285714,18.62857142857143,3.885714285714286,6.142857142857143,0.0
2016-06-19,37.0,20.0,291.5985717773438,5.762909889221191,22.11428571428571,28.24285714285714,17.44285714285714,5.028571428571429,6.142857142857143,0.0
2016-06-26,41.0,40.0,292.6778564453125,6.948893547058105,23.44285714285714,27.77142857142857,19.47142857142857,4.071428571428572,4.0,0.0
2016-07-03,40.0,20.0,293.8764038085938,1.417036652565002,24.72857142857143,29.8,20.05714285714286,3.342857142857143,4.428571428571429,0.0
2016-07-10,69.0,20.0,294.7421264648438,1.557329893112183,24.42857142857143,28.01428571428572,20.5,3.371428571428571,5.428571428571429,0.0
2016-07-17,138.0,20.0,295.0449829101562,1.609207510948181,26.81428571428571,32.35714285714285,21.78571428571428,3.9,3.857142857142857,0.0
2016-07-24,63.0,40.0,296.4592895507812,2.426671743392944,26.48571428571429,31.72857142857143,22.4,3.942857142857143,4.0,0.0
2016-07-31,51.0,120.0,297.0678405761719,2.048636674880981,25.18571428571428,29.62857142857143,21.07142857142857,3.428571428571428,5.0,0.0
2016-08-07,64.22222222222223,140.62962962962962,296.8214111328125,2.0054929256439205,18.378795749704835,30.5734693877551,14.3193919716647,3.7797752558967517,4.77063063063063,0.0
2016-08-14,45.0,20.0,296.5749816894531,1.96234917640686,26.72857142857143,30.82857142857143,22.41428571428571,4.2,3.285714285714286,0.0
2016-08-21,63.0,20.0,296.7378540039062,1.785397052764893,25.21428571428572,30.14285714285714,20.85714285714286,3.557142857142857,6.142857142857143,0.0
2016-08-28,63.0,20.0,296.2614135742188,0.736000657081604,26.87142857142857,31.31428571428571,22.77142857142857,3.985714285714286,2.285714285714286,0.0
2016-09-04,46.0,140.62962962962962,296.874267578125,0.5115254521369934,26.08571428571429,30.54285714285715,21.5,3.471428571428572,3.571428571428572,0.0
2016-09-11,47.0,140.62962962962962,295.9161783854167,0.5176594058672587,18.378795749704835,29.073809523809526,14.3193919716647,3.7797752558967517,4.77063063063063,0.0
2016-09-18,45.625,140.62962962962962,294.9580891927083,0.523793359597524,18.378795749704835,28.135714285714286,14.3193919716647,3.7797752558967517,4.77063063063063,0.07857142857142858
2016-09-25,36.0,20.0,294.0,0.5299273133277893,20.81428571428572,24.18571428571428,16.62857142857143,2.614285714285714,5.285714285714286,0.0
2016-10-02,36.0,20.0,294.25927734375,1.383373856544495,23.5,27.42857142857143,19.78571428571428,3.628571428571429,4.285714285714286,0.0
2016-10-09,40.0,140.62962962962962,294.537841796875,1.526660203933716,20.94285714285714,25.2,16.32857142857143,2.785714285714286,6.857142857142857,0.0
2016-10-16,36.0,20.0,293.3757019042969,2.037930727005005,17.9,21.65714285714285,13.58571428571429,3.5,5.285714285714286,0.6285714285714287
2016-10-23,36.0,40.0,293.1914367675781,0.6662920117378235,20.02857142857143,23.12857142857143,16.97142857142857,3.157142857142857,3.142857142857143,2.742857142857143
2016-10-30,48.0,20.0,293.2428588867188,1.678691506385803,21.01428571428571,24.14285714285714,18.31428571428572,4.985714285714287,2.0,7.214285714285714
2016-11-06,35.0,140.62962962962962,293.2135620117188,1.568902373313904,18.95714285714286,21.91428571428571,16.24285714285714,4.428571428571428,3.285714285714286,0.8571428571428571
2016-11-13,36.0,20.0,292.7357177734375,1.37733006477356,15.04285714285714,19.97142857142857,10.18571428571429,2.8,6.142857142857143,0.0
2016-11-20,36.0,40.0,292.085693359375,1.599944591522217,16.25714285714286,20.4,12.12857142857143,3.842857142857143,3.857142857142857,2.414285714285714
2016-11-27,34.0,20.0,291.6242980957031,0.8416879177093506,13.2,17.14285714285714,9.514285714285714,3.399999999999999,5.0,5.933333333333333
2016-12-04,36.0,20.0,291.5642700195312,0.7104103565216064,15.81428571428572,18.04285714285714,13.44285714285714,5.614285714285715,3.142857142857143,13.0
2016-12-11,30.0,20.0,291.3778381347656,2.271585702896118,16.04285714285714,19.08571428571429,13.35714285714286,4.785714285714286,1.571428571428571,0.09999999999999999
2016-12-18,35.75,140.62962962962962,291.02320861816406,2.3220577239990234,18.378795749704835,18.297619047619047,14.3193919716647,3.7797752558967517,4.77063063063063,3.2170068027210883
2016-12-25,41.0,20.0,290.6685791015625,2.372529745101929,13.05714285714286,17.5,8.814285714285713,3.014285714285715,3.857142857142857,0.0
2017-01-01,34.0,240.0,290.3017883300781,1.8483773469924931,18.378795749704835,17.46571428571429,14.3193919716647,3.7797752558967517,4.77063063063063,3.3170068027210884
2017-01-08,39.0,140.62962962962962,289.9349975585938,1.324224948883057,14.21428571428571,17.61428571428572,11.0,3.6,2.714285714285714,1.071428571428571
2017-01-15,47.857142857142854,140.62962962962962,289.64463806152344,1.4707022905349736,18.378795749704835,16.651904761904767,14.3193919716647,3.7797752558967517,4.77063063063063,0.8942857142857141
2017-01-22,36.0,20.0,289.3542785644531,1.61717963218689,9.557142857142855,15.08571428571429,4.557142857142857,3.057142857142857,6.714285714285714,0.0
2017-01-29,36.0,20.0,288.9121398925781,1.942713975906372,11.48571428571429,16.04285714285714,6.185714285714286,3.128571428571429,6.571428571428571,3.114285714285714
2017-02-05,119.0,20.0,288.8335571289062,1.281005501747131,14.06,17.01666666666667,11.71666666666667,3.74,3.8,1.08
2017-02-12,50.285714285714285,140.62962962962962,288.6849822998047,1.9229171872138975,18.378795749704835,16.78047619047619,14.3193919716647,3.7797752558967517,4.77063063063063,1.1951020408163269
2017-02-19,36.0,20.0,288.5364074707031,2.564828872680664,14.14285714285714,17.94285714285714,10.8,4.128571428571428,2.714285714285714,3.100000000000001
2017-02-26,48.0,20.0,288.3214111328125,2.150028228759766,14.58571428571429,17.81428571428571,11.54285714285714,2.942857142857143,3.428571428571428,0.0
2017-03-05,51.625,140.62962962962962,288.6742706298828,2.608346104621887,18.378795749704835,18.469444444444438,14.3193919716647,3.7797752558967517,4.77063063063063,1.8189285714285717
2017-03-12,38.0,20.0,289.0271301269531,3.066663980484009,17.51428571428572,22.18571428571428,12.64285714285714,3.757142857142857,5.0,0.0
2017-03-19,31.0,20.0,288.7699890136719,1.171691179275513,15.24285714285714,18.88571428571428,12.02857142857143,5.600000000000001,3.428571428571428,3.314285714285714
2017-03-26,69.0,20.0,288.6814270019531,2.278965711593628,12.64285714285714,16.97142857142857,8.685714285714285,4.942857142857143,6.0,3.885714285714286
2017-04-02,36.0,20.0,288.8714294433594,1.829601883888245,15.82857142857143,19.65714285714286,11.88571428571428,3.328571428571428,5.428571428571429,0.05714285714285715
2017-04-09,36.0,140.62962962962962,289.5664367675781,1.346488237380981,17.75714285714286,21.64285714285714,13.32857142857143,4.8,2.857142857142857,0.0
2017-04-16,64.1875,140.62962962962962,289.9267883300781,1.3515299558639526,18.378795749704835,20.471428571428568,14.3193919716647,3.7797752558967517,4.77063063063063,1.3964285714285716
2017-04-23,112.0,20.0,290.2871398925781,1.356571674346924,19.07142857142857,22.75714285714286,16.22857142857143,6.757142857142858,2.0,0.0
2017-04-30,115.0,20.0,290.739990234375,1.309953689575195,16.98571428571429,20.78571428571428,13.41428571428571,3.857142857142857,4.285714285714286,3.028571428571428
2017-05-07,76.5,20.0,291.1542663574219,1.162018060684204,18.52857142857143,22.6,14.34285714285714,3.942857142857143,3.285714285714286,0.8857142857142858
2017-05-14,80.5625,140.62962962962962,291.5892791748047,1.0665672719478607,18.378795749704835,23.630285714285712,14.3193919716647,3.7797752558967517,4.77063063063063,0.5591836734693879
2017-05-21,111.0,20.0,292.0242919921875,0.9711164832115173,22.24285714285714,27.22857142857143,17.6,4.971428571428571,4.428571428571429,0.0
2017-05-28,62.0,20.0,292.4878540039062,0.6697061061859131,22.15,24.78,19.36,4.05,3.0,0.0
2017-06-04,86.0,140.62962962962962,293.4121398925781,0.7803976535797119,18.378795749704835,25.932142857142857,14.3193919716647,3.7797752558967517,4.77063063063063,0.6523809523809526
2017-06-11,46.0,20.0,293.2442932128906,1.211696147918701,24.78,29.12,19.62,2.72,5.6,0.0
2017-06-18,69.16666666666667,140.62962962962962,293.65262858072913,1.1219197312990823,18.378795749704835,27.271428571428572,14.3193919716647,3.7797752558967517,4.77063063063063,3.552713678800501e-16
2017-06-25,64.42857142857143,140.62962962962962,294.0609639485677,1.0321433146794636,18.378795749704835,27.28214285714286,14.3193919716647,3.7797752558967517,4.77063063063063,2.9605947323337506e-16
2017-07-02,62.0,20.0,294.4692993164062,0.942366898059845,22.85714285714286,28.12857142857143,17.78571428571428,5.085714285714285,6.428571428571429,0.0
2017-07-09,48.0,20.0,293.3892822265625,1.181749820709229,22.75714285714286,27.1,19.05714285714286,4.585714285714286,5.285714285714286,0.0
2017-07-16,51.0,140.62962962962962,294.2435760498047,1.1169127225875854,18.378795749704835,29.76857142857143,14.3193919716647,3.7797752558967517,4.77063063063063,2.9605947323337506e-16
2017-07-23,36.0,20.0,295.0978698730469,1.052075624465942,24.28571428571428,30.02857142857143,19.14285714285714,4.285714285714286,6.142857142857143,0.0
2017-07-30,78.0,80.0,294.8214111328125,1.033685922622681,26.65714285714285,31.84285714285715,22.01428571428571,3.128571428571429,5.857142857142857,0.0
2017-08-06,36.0,20.0,294.4164428710938,1.667335271835327,26.58571428571429,31.74285714285714,20.9,3.385714285714285,6.714285714285714,0.0
2017-08-13,63.285714285714285,140.62962962962962,294.6175079345703,1.5915430188179016,18.378795749704835,30.138095238095236,14.3193919716647,3.7797752558967517,4.77063063063063,2.9605947323337506e-16
2017-08-20,53.0,140.62962962962962,294.8185729980469,1.515750765800476,26.48333333333333,30.74285714285714,21.85714285714286,2.957142857142857,5.142857142857143,2.9605947323337506e-16
2017-08-27,82.0,40.0,296.0492858886719,1.387367010116577,25.42857142857143,28.84285714285715,21.82857142857143,3.185714285714286,5.428571428571429,2.5376526277146434e-16
2017-09-03,60.875,20.0,295.7749938964844,1.09287703037262,23.88571428571429,27.62857142857143,19.93333333333333,3.3,5.285714285714286,0.0
2017-09-10,110.0,140.62962962962962,295.3621520996094,2.00344443321228,23.72857142857143,28.04285714285714,19.64285714285714,3.5,6.571428571428571,0.0
2017-09-17,36.0,140.62962962962962,293.3099975585938,2.43528151512146,22.42857142857143,27.72857142857143,16.75714285714286,3.600000000000001,7.0,0.0
2017-09-24,35.0,20.0,291.9192810058594,3.358112096786499,21.2,25.36666666666666,16.72,2.416666666666667,5.5,0.0
2017-10-01,57.0,20.0,292.6078491210938,1.619720458984375,22.25,26.40000000000001,17.8,2.35,5.0,0.0
2017-10-08,43.5,140.62962962962962,294.0142822265625,1.6382737159729,23.48571428571428,28.22857142857143,19.72857142857142,3.157142857142857,2.142857142857143,0.0
2017-10-15,58.5,140.62962962962962,294.26463317871094,1.7814435362815855,18.378795749704835,25.703401360544223,14.3193919716647,3.7797752558967517,4.77063063063063,0.1843915343915346
2017-10-22,70.0,40.0,294.5149841308594,1.924613356590271,20.52857142857143,23.92857142857143,17.61428571428571,3.771428571428571,6.285714285714286,0.01666666666666667
2017-10-29,49.0,20.0,294.3049926757812,0.9556882977485657,20.74285714285714,25.6,16.74285714285714,3.585714285714285,1.571428571428571,0.0
2017-11-05,40.0,140.62962962962962,294.085693359375,0.7822607755661011,18.97142857142857,22.67142857142857,15.64285714285714,3.814285714285714,4.428571428571429,1.642857142857143
2017-11-12,86.0,20.0,293.4385681152344,1.951397895812988,16.74285714285714,21.77142857142857,11.84285714285714,3.3,4.571428571428571,0.0
2017-11-19,45.0,20.0,292.7550048828125,1.498096704483032,15.32857142857143,19.7,10.78571428571429,2.757142857142857,3.0,0.0
2017-11-26,43.0,20.0,292.7564392089844,0.6341637372970581,17.25714285714286,21.2,13.87142857142857,3.014285714285714,1.142857142857143,0.01428571428571429
2017-12-03,36.0,20.0,292.5185546875,1.330063343048096,13.85714285714286,17.95714285714286,9.8,3.842857142857143,4.0,2.271428571428571
2017-12-10,36.0,20.0,291.6999816894531,0.9318234920501709,13.27142857142857,17.7,8.8,3.928571428571428,3.285714285714286,0.0
2017-12-17,36.0,20.0,291.0935668945312,1.408720254898071,12.41428571428571,16.97142857142857,7.914285714285714,3.600000000000001,5.428571428571429,3.100000000000001
2017-12-24,36.0,20.0,290.5792846679688,1.543126225471497,12.45714285714286,16.82857142857143,8.2,3.442857142857143,1.428571428571429,2.257142857142857
2017-12-31,36.0,140.62962962962962,290.1421356201172,1.3668389320373535,18.378795749704835,17.146938775510204,14.3193919716647,3.7797752558967517,4.77063063063063,1.4126984126984128
2018-01-07,30.0,20.0,289.7049865722656,1.19055163860321,12.05714285714286,16.24285714285714,7.842857142857143,2.842857142857143,7.285714285714286,2.357142857142857
2018-01-14,35.0,20.0,289.028564453125,1.158225655555725,11.01428571428571,15.57142857142857,6.628571428571429,2.871428571428571,5.285714285714286,2.714285714285714
2018-01-21,36.0,20.0,288.9049987792969,2.246207714080811,13.0,18.75714285714286,7.657142857142857,2.242857142857143,6.714285714285714,0.0
2018-01-28,36.0,20.0,288.7078552246094,2.757418394088745,11.62857142857143,16.0,6.685714285714286,3.357142857142857,5.571428571428571,0.0
2018-02-04,36.0,20.0,288.3406982421875,3.095165729522705,12.58571428571429,16.6,8.542857142857143,5.371428571428572,4.857142857142857,1.267857142857143
2018-02-11,35.5,140.62962962962962,287.9546356201172,2.3375831842422485,18.378795749704835,16.830952380952382,14.3193919716647,3.7797752558967517,4.77063063063063,2.3085714285714287
2018-02-18,36.0,80.0,287.5685729980469,1.580000638961792,12.14285714285714,16.7,7.157142857142858,2.414285714285714,6.857142857142857,2.54
2018-02-25,36.0,40.0,287.8528442382812,5.616371154785156,13.02857142857143,17.35714285714286,7.7,2.928571428571428,2.0,2.496428571428572
2018-03-04,36.42857142857143,140.62962962962962,287.8471374511719,3.4327130913734436,18.378795749704835,16.92857142857143,14.3193919716647,3.7797752558967517,4.77063063063063,2.5500000000000003
2018-03-11,39.0,40.0,287.8414306640625,1.249055027961731,14.42857142857143,16.85714285714286,11.2,7.114285714285715,5.285714285714286,6.471428571428571
2018-03-18,36.0,20.0,288.2285766601562,1.117386341094971,14.37142857142857,17.12857142857143,10.8,6.528571428571429,5.571428571428571,3.514285714285715
2018-03-25,36.42857142857143,140.62962962962962,288.22535705566406,3.54612398147583,18.378795749704835,17.691428571428577,14.3193919716647,3.7797752558967517,4.77063063063063,3.188571428571429
2018-04-01,36.0,140.62962962962962,288.2221374511719,5.974861621856689,14.54285714285714,18.48571428571429,9.8,3.957142857142857,5.714285714285714,0.2142857142857143
2018-04-08,36.0,20.0,288.3792724609375,6.428906917572021,14.74285714285714,18.62857142857143,11.2,4.414285714285715,5.285714285714286,1.4
2018-04-15,72.42857142857143,140.62962962962962,288.4492645263672,4.309551000595093,18.378795749704835,19.30952380952381,14.3193919716647,3.7797752558967517,4.77063063063063,2.3244897959183675
2018-04-22,36.0,1600.0,288.5192565917969,2.190195083618164,16.8,20.37142857142857,12.98571428571428,4.857142857142857,2.571428571428572,4.342857142857143
2018-04-29,36.0,20.0,289.8764343261719,1.712050199508667,16.88571428571429,20.62857142857143,13.11428571428571,3.757142857142857,6.142857142857143,0.3142857142857143
2018-05-06,288.0,9640.0,289.2242736816406,2.725157022476196,16.07142857142857,20.61428571428571,11.42857142857143,3.271428571428572,5.0,0.01428571428571429
2018-05-13,79.625,140.62962962962962,289.6735534667969,3.066540479660034,18.378795749704835,21.60714285714285,14.3193919716647,3.7797752558967517,4.77063063063063,0.9500000000000003
2018-05-20,80.0,20.0,290.1228332519531,3.407923936843872,19.97142857142857,24.61428571428571,15.8,3.457142857142857,3.0,0.04285714285714286
2018-05-27,89.0,20.0,290.9935607910156,0.7483222484588623,17.62857142857143,20.75714285714286,14.44285714285714,3.171428571428572,4.857142857142857,1.471428571428572
2018-06-03,36.0,80.0,290.4006958007812,0.5555296540260315,17.81428571428572,22.65714285714285,13.87142857142857,5.042857142857143,6.571428571428571,0.0
2018-06-10,36.0,20.0,289.3135681152344,0.9610157608985901,17.5,21.32857142857143,14.51428571428571,4.942857142857142,6.142857142857143,0.01428571428571429
2018-06-17,67.4,140.62962962962962,290.903564453125,1.9632501900196075,18.378795749704835,23.017142857142858,14.3193919716647,3.7797752558967517,4.77063063063063,0.6542857142857147
2018-06-24,96.0,20.0,292.4935607910156,2.965484619140625,22.4,25.72857142857143,19.32857142857143,3.457142857142857,3.714285714285714,1.742857142857143
2018-07-01,180.0,140.62962962962962,292.33570861816406,2.70163831114769,18.378795749704835,24.517857142857142,14.3193919716647,3.7797752558967517,4.77063063063063,0.5380952380952385
2018-07-08,229.83333333333334,140.62962962962962,292.1778564453125,2.4377920031547546,18.378795749704835,25.924999999999997,14.3193919716647,3.7797752558967517,4.77063063063063,0.2928571428571432
2018-07-15,268.6,140.62962962962962,292.02000427246094,2.1739456951618195,18.378795749704835,29.224999999999998,14.3193919716647,3.7797752558967517,4.77063063063063,0.3514285714285718
2018-07-22,550.0,40.0,291.8621520996094,1.910099387168884,23.35714285714286,28.35714285714285,18.62857142857143,3.642857142857143,6.142857142857143,0.0
2018-07-29,273.0,40.0,291.7064208984375,6.000268459320068,22.42857142857143,28.28571428571428,17.71428571428571,3.771428571428571,6.714285714285714,0.0
2018-08-05,388.0,20.0,291.8142700195312,8.09432601928711,27.94285714285714,34.52857142857142,22.71428571428572,3.928571428571428,4.0,0.0
2018-08-12,264.1666666666667,140.62962962962962,293.0303344726562,5.016378581523895,18.378795749704835,30.148571428571422,14.3193919716647,3.7797752558967517,4.77063063063063,2.9605947323337506e-16
2018-08-19,209.0,140.62962962962962,294.2463989257812,1.938431143760681,24.01428571428571,27.54285714285714,20.38571428571429,3.271428571428571,4.0,0.0
2018-08-26,134.0,20.0,296.5599975585938,1.719579815864563,27.24285714285714,32.02857142857142,22.44285714285714,2.685714285714286,6.428571428571429,0.0
2018-09-02,171.0,140.62962962962962,295.9864196777344,1.5365641117095945,18.378795749704835,29.505714285714276,14.3193919716647,3.7797752558967517,4.77063063063063,0.024489795918367613
2018-09-09,31.0,20.0,295.412841796875,1.353548407554626,21.62857142857143,24.72857142857143,18.04285714285714,3.685714285714286,6.428571428571429,0.0
2018-09-16,126.0,20.0,295.730712890625,0.9197207689285278,24.45714285714286,28.7,20.97142857142857,3.428571428571428,2.571428571428572,0.1714285714285715
2018-09-23,86.85714285714286,140.62962962962962,296.5649871826172,1.2189719676971436,18.378795749704835,27.737142857142857,14.3193919716647,3.7797752558967517,4.77063063063063,0.3897959183673472
2018-09-30,36.0,140.62962962962962,297.3992614746094,1.518223166465759,25.52857142857143,29.3,22.12857142857143,4.171428571428571,1.285714285714286,0.0
2018-10-07,48.142857142857146,140.62962962962962,296.65855407714844,1.3779060244560242,18.378795749704835,25.197619047619053,14.3193919716647,3.7797752558967517,4.77063063063063,1.3061224489795922
2018-10-14,36.0,40.0,295.9178466796875,1.237588882446289,20.65714285714285,23.92857142857143,17.1,3.585714285714285,6.0,1.028571428571429
2018-10-21,36.0,20.0,294.4435729980469,0.8114355802536011,18.17142857142857,22.21428571428572,14.71428571428571,3.585714285714286,4.571428571428571,1.528571428571428
2018-10-28,36.0,1640.0,294.0435485839844,0.8118526339530945,18.78571428571428,22.31428571428572,15.68571428571428,3.471428571428572,2.857142857142857,2.2
2018-11-04,36.0,20.0,292.2135620117188,2.152284860610962,14.71428571428571,18.6,10.92857142857143,3.928571428571428,6.142857142857143,4.214285714285714
2018-11-11,36.0,20.0,291.2649841308594,0.8303835988044739,15.82857142857143,18.97142857142857,11.91428571428571,3.671428571428571,6.571428571428571,1.642857142857143
2018-11-18,36.0,20.0,290.9464111328125,3.61637020111084,16.62857142857143,19.8,13.62857142857143,4.114285714285715,4.285714285714286,2.8
2018-11-25,26.0,20.0,290.8793029785156,1.589717388153076,14.92857142857143,17.7,11.87142857142857,3.971428571428572,5.571428571428571,5.042857142857144
2018-12-02,36.0,20.0,290.7414245605469,1.401564836502075,13.48571428571429,17.87142857142857,9.02857142857143,2.242857142857143,6.428571428571429,0.0
2018-12-09,36.0,20.0,290.5685729980469,1.834201455116272,14.38571428571428,19.94285714285714,9.214285714285714,1.657142857142857,5.571428571428571,0.01428571428571429
2018-12-16,36.0,240.0,290.0599975585938,1.164498329162598,14.11428571428571,18.11428571428571,9.057142857142859,3.157142857142857,5.142857142857143,0.7285714285714286
2018-12-23,36.0,20.0,289.8485717773438,1.193077921867371,13.27142857142857,17.05714285714286,9.542857142857143,3.014285714285714,2.714285714285714,0.09999999999999999
2018-12-30,34.888888888888886,140.62962962962962,289.8199920654297,1.4682446718215947,18.378795749704835,17.451020408163266,14.3193919716647,3.7797752558967517,4.77063063063063,0.6539682539682542
2019-01-06,36.0,820.0,289.7914123535156,1.743411421775818,11.8,16.54285714285714,6.814285714285715,2.785714285714286,2.0,0.0
2019-01-13,36.0,20.0,289.5707092285156,1.835375189781189,10.92857142857143,15.8,5.871428571428572,3.057142857142857,5.028601495097574,0.0
2019-01-20,36.0,20.0,289.3250122070312,0.8475632071495056,12.12857142857143,16.82857142857143,6.814285714285714,3.0,4.584329783806862,0.0
2019-01-27,36.0,20.0,289.0392761230469,1.71292781829834,13.28571428571428,18.12857142857143,8.814285714285715,3.714285714285714,5.018806459376923,0.0
2019-02-03,36.0,20.0,288.6271362304688,1.411879301071167,12.87142857142857,16.85714285714286,9.299999999999999,5.528571428571429,4.513055503515796,2.257142857142857
2019-02-10,36.0,20.0,288.1871337890625,3.310138463973999,11.98571428571429,17.2,6.042857142857144,1.942857142857143,5.591989423901253,0.0
2019-02-17,36.0,20.0,288.3964233398438,3.520994424819946,14.34285714285714,18.1,10.57142857142857,4.799999999999999,5.4567857393291135,0.0
2019-02-24,36.0,20.0,288.6206970214844,1.778997540473938,14.38571428571429,17.98571428571429,10.47142857142857,4.042857142857143,4.311068583922334,2.2
2019-03-03,36.0,20.0,289.0814208984375,1.985730886459351,15.02857142857143,19.22857142857143,10.42857142857143,4.285714285714286,5.169600870603236,0.0
2019-03-10,36.0,440.0,289.0535583496094,1.664725303649902,15.28571428571429,19.11428571428571,10.55714285714286,4.042857142857143,4.435108274104914,0.7000000000000001
2019-03-17,36.0,20.0,289.3185729980469,1.98393702507019,16.64285714285715,21.74285714285714,11.32857142857143,3.2,5.4037739476069095,0.0
2019-03-24,36.0,20.0,289.0606994628906,5.714792251586914,15.54285714285714,19.58571428571429,11.25714285714286,4.257142857142857,5.919833166525298,0.0
2019-03-31,36.0,20.0,289.3421325683594,2.629903554916382,16.97142857142857,21.22857142857143,13.74285714285714,6.042857142857143,4.963024890919364,0.0
2019-04-07,42.0,20.0,289.55712890625,1.170058727264404,14.71666666666667,18.58333333333334,10.9,4.866666666666666,4.306804363796962,3.316666666666666
2019-04-14,36.0,20.0,289.1914367675781,2.833123922348022,15.85714285714286,20.18571428571428,11.42857142857143,3.957142857142858,5.470652648822865,0.0
2019-04-21,36.0,20.0,289.095703125,3.259200096130371,15.61428571428571,19.18571428571428,11.88571428571429,3.442857142857143,5.349076073429201,0.6
2019-04-28,36.0,20.0,289.124267578125,3.772079706192017,16.71428571428572,21.24285714285714,12.24285714285715,5.571428571428571,5.426211038309659,0.8714285714285713
2019-05-05,36.0,20.0,290.749267578125,1.207175135612488,19.01428571428571,22.55714285714286,15.04285714285714,2.985714285714285,4.611060104351888,0.0
2019-05-12,36.0,20.0,290.412841796875,1.135426998138428,19.64285714285714,24.1,15.55714285714286,4.842857142857143,4.908849796989897,0.0
2019-05-19,36.0,20.0,290.7528686523438,1.632275342941284,20.32857142857143,26.25714285714286,15.72857142857143,5.028571428571429,5.242273394277932,0.0
2019-05-26,63.0,40.0,290.2850036621094,5.60850715637207,20.74285714285714,26.11428571428572,15.7,4.485714285714285,5.125305490995534,0.0
2019-06-02,87.0,20.0,291.5107116699219,6.20001745223999,23.72857142857142,29.05714285714286,18.84285714285714,4.614285714285715,4.860458825719557,0.0
2019-06-09,104.0,20.0,292.1992797851562,2.03488826751709,20.41428571428571,25.6,15.25714285714286,5.185714285714286,4.6003881118332295,0.0
2019-06-16,102.0,20.0,290.4235534667969,4.187562465667725,19.61428571428572,24.94285714285714,15.18571428571429,4.842857142857143,4.686599219331709,0.0
2019-06-23,109.5,140.62962962962962,290.4314270019531,4.881266593933105,19.94285714285715,24.25714285714286,15.92857142857143,4.185714285714286,4.327101300016072,0.05714285714285715
2019-06-30,92.72222222222223,140.62962962962962,291.31463623046875,5.109893798828125,18.378795749704835,26.046938775510203,14.3193919716647,3.7797752558967517,4.77063063063063,0.006349206349206547
2019-07-07,100.0,140.62962962962962,292.1978454589844,5.338521003723145,20.82857142857143,24.21428571428572,16.94285714285714,4.371428571428571,4.829869642049342,0.0
2019-07-14,85.0,20.0,291.3678588867188,1.927438020706177,22.05714285714286,26.42857142857142,18.51428571428572,4.114285714285714,4.725050957039213,0.0
2019-07-21,58.0,20.0,292.50927734375,4.455718994140625,23.77142857142857,27.82857142857143,20.02857142857143,3.1,6.0,0.0
2019-07-28,126.0,20.0,293.9585571289062,4.282625675201416,23.87142857142857,28.4,19.95714285714286,4.014285714285714,5.142857142857143,0.0
2019-08-04,36.0,140.62962962962962,292.1685485839844,3.276655197143555,24.45714285714286,30.15714285714286,18.85714285714286,3.585714285714286,6.428571428571429,0.0
2019-08-11,90.0,20.0,292.1942749023438,3.354678392410278,23.38571428571428,28.27142857142857,19.51428571428571,4.171428571428572,6.142857142857143,0.0
2019-08-18,161.0,20.0,291.8571472167969,4.43195104598999,24.67142857142857,30.02857142857143,19.94285714285715,3.085714285714286,6.428571428571429,0.0
2019-08-25,172.0,20.0,292.7235717773438,3.312761783599854,24.81428571428571,29.71428571428572,20.4,3.557142857142857,5.142857142857143,0.0
2019-09-01,143.0,20.0,295.5564270019531,4.02140474319458,24.98571428571428,28.88571428571429,21.42857142857142,2.857142857142858,5.285714285714286,0.0
2019-09-08,248.0,20.0,296.8607177734375,2.136849164962769,25.64285714285714,29.92857142857142,21.97142857142857,3.0,2.571428571428572,0.0
2019-09-15,162.0,120.0,294.8514404296875,3.40166163444519,23.2,27.11428571428572,19.35714285714285,4.128571428571429,4.714285714285714,0.0
2019-09-22,172.75,140.62962962962962,293.95750427246094,4.416536927223206,18.378795749704835,27.814285714285717,14.3193919716647,3.7797752558967517,4.77063063063063,0.3803571428571431
2019-09-29,36.0,20.0,293.0635681152344,5.431412220001221,21.5,25.81428571428572,16.38571428571428,2.3,6.714285714285714,0.0
2019-10-06,166.42857142857142,140.62962962962962,292.57749938964844,3.9716514348983765,18.378795749704835,25.954285714285714,14.3193919716647,3.7797752558967517,4.77063063063063,0.4448979591836738
2019-10-13,109.0,20.0,292.0914306640625,2.511890649795532,21.68571428571429,25.42857142857143,18.05714285714286,2.814285714285714,3.714285714285714,0.0
2019-10-20,351.0,40.0,291.6071472167969,1.85264003276825,17.65714285714285,21.48571428571429,13.64285714285714,3.371428571428571,6.571428571428571,3.042857142857143
2019-10-27,122.83333333333333,140.62962962962962,291.5796356201172,1.6720190048217773,18.378795749704835,22.52380952380953,14.3193919716647,3.7797752558967517,4.77063063063063,0.5523809523809527
2019-11-03,116.0,120.0,291.5521240234375,1.491397976875305,19.58571428571429,22.95714285714286,17.52857142857143,3.842857142857143,5.428571428571429,0.07142857142857142
2019-11-10,89.0,20.0,290.4750061035156,3.73066520690918,15.92857142857143,20.34285714285715,12.04285714285714,4.014285714285714,6.714285714285714,0.09999999999999999
2019-11-17,36.0,20.0,289.1607055664062,6.214001655578613,14.42857142857143,19.11428571428571,10.61428571428572,4.271428571428571,6.714285714285714,0.09999999999999999
2019-11-24,100.0,140.62962962962962,288.85760498046875,5.557168642679851,18.378795749704835,19.46,14.3193919716647,3.7797752558967517,4.77063063063063,1.43265306122449
2019-12-01,58.166666666666664,140.62962962962962,288.55450439453125,4.900335629781087,18.378795749704835,19.099999999999998,14.3193919716647,3.7797752558967517,4.77063063063063,1.1642857142857146
2019-12-08,36.0,20.0,288.2514038085938,4.243502616882324,13.32857142857143,17.37142857142857,9.257142857142856,4.016104565827639,5.795036532608249,0.02857142857142857
2019-12-15,36.0,20.0,288.93212890625,3.507126092910767,13.88571428571429,17.51428571428571,9.971428571428573,3.969273317466696,5.455824629811195,0.4714285714285714
2019-12-22,36.0,140.62962962962962,288.4400024414062,5.005707740783691,15.21428571428571,17.3,12.77142857142857,4.70280729283328,4.529683311011046,6.214285714285714
2019-12-29,36.0,140.62962962962962,289.11570739746094,3.3745595812797546,18.378795749704835,17.14047619047619,14.3193919716647,3.7797752558967517,4.77063063063063,1.5632653061224493
2020-01-05,36.0,140.62962962962962,289.7914123535156,1.743411421775818,11.8,16.54285714285714,6.814285714285715,2.785714285714286,2.0,0.0
2020-01-12,36.0,20.0,288.4785766601562,4.6748366355896,11.92857142857143,16.48571428571428,6.485714285714286,3.323134939076918,5.481522170475429,0.0
2020-01-19,36.0,20.0,288.5778503417969,2.213344812393188,13.88571428571429,17.62857142857143,9.985714285714284,4.0672186056652695,4.889004423749662,0.5142857142857142
2020-01-26,36.0,20.0,288.30712890625,1.402235627174377,11.5,14.78571428571429,8.485714285714286,4.263093466447162,4.879600454310003,3.714285714285714
2020-02-02,36.0,20.0,288.8314208984375,1.100435495376587,14.77142857142857,18.51428571428571,11.22857142857143,3.9376006392077794,5.040514173714166,0.0
2020-02-09,39.0,20.0,289.0142822265625,3.851069688796997,15.28571428571429,19.07142857142857,10.88571428571429,4.0687232506077144,5.9424992900168725,0.1285714285714286
2020-02-16,36.0,20.0,289.2257080078125,3.120731830596924,14.8,18.75714285714286,10.61428571428572,3.9716773462538235,5.328639326814877,0.0
2020-02-23,63.0,20.0,289.1778564453125,2.844067811965942,15.61428571428571,20.12857142857143,11.54285714285714,3.803786371286222,4.740564300195832,0.0
2020-03-01,36.0,20.0,288.9649963378906,2.442495107650757,15.02857142857143,19.72857142857143,9.914285714285715,3.6932640571956226,5.449118671832717,0.07142857142857142
2020-03-08,36.0,20.0,288.9235534667969,3.869655609130859,15.31428571428571,19.82857142857143,10.3,4.268030194791985,5.863402600499,0.01428571428571429
2020-03-15,36.0,20.0,288.7371215820312,4.13165807723999,16.61428571428572,21.75714285714286,12.52857142857143,4.399327120389055,5.444316929371293,0.0
2020-03-22,43.714285714285715,140.62962962962962,288.6224822998047,3.2072293758392334,18.378795749704835,20.104761904761904,14.3193919716647,3.7797752558967517,4.77063063063063,0.25102040816326554
2020-03-29,63.0,20.0,288.5078430175781,2.282800674438477,14.71428571428571,19.14285714285714,10.65714285714286,3.9189276830250503,4.722579360389848,0.9
2020-04-05,40.5,140.62962962962962,289.0610656738281,1.961275696754456,18.378795749704835,20.362857142857145,14.3193919716647,3.7797752558967517,4.77063063063063,0.6404761904761908
2020-04-12,36.0,20.0,289.6142883300781,1.639750719070435,17.21428571428572,20.04285714285714,14.94285714285714,4.172204659418693,4.903418112822471,0.7714285714285714
2020-04-19,48.8,140.62962962962962,289.7982177734375,1.599631726741791,18.378795749704835,20.635714285714283,14.3193919716647,3.7797752558967517,4.77063063063063,0.8771428571428576
2020-04-26,36.0,20.0,289.9821472167969,1.559512734413147,16.78571428571428,21.04285714285714,13.37142857142857,4.101407484453731,5.001365413152721,2.085714285714286
2020-05-03,48.8,140.62962962962962,290.43821716308594,1.2824485301971436,18.378795749704835,22.93928571428571,14.3193919716647,3.7797752558967517,4.77063063063063,0.7309523809523814
2020-05-10,73.0,20.0,290.894287109375,1.00538432598114,19.1,22.31428571428571,15.52857142857143,3.9517477520704296,4.481799953160025,0.6285714285714287
2020-05-17,42.166666666666664,140.62962962962962,291.8278503417969,1.4184402823448181,18.378795749704835,24.839999999999996,14.3193919716647,3.7797752558967517,4.77063063063063,0.742857142857143
2020-05-24,42.166666666666664,20.0,292.7614135742188,1.831496238708496,24.05714285714285,28.35714285714285,19.4,3.5669386480139074,4.582485096926156,0.0
2020-05-31,36.0,80.0,294.4549865722656,1.92160964012146,23.51428571428571,28.12857142857143,19.78571428571428,3.6775627334852636,4.6270478981695335,0.0
2020-06-07,36.0,40.0,294.3835754394531,2.247791528701782,20.88571428571429,24.35714285714286,17.62857142857143,3.627638638738257,4.6700322047459535,1.714285714285714
2020-06-14,36.0,140.62962962962962,292.0078430175781,2.844983816146851,19.34285714285715,23.47142857142857,14.9,3.7777874953749895,4.0090571837998565,0.0
2020-06-21,36.0,20.0,291.2335510253906,6.152860641479492,21.71428571428572,27.95714285714286,16.81428571428571,3.845612715503486,5.745862257842247,0.0
2020-06-28,36.0,20.0,292.2349853515625,2.412331581115723,24.21428571428572,29.11428571428571,19.7,3.664035862225535,5.639522187122961,0.0
2020-07-05,36.0,20.0,293.3299865722656,2.52441668510437,24.67142857142857,29.15714285714286,19.94285714285715,3.7645605082458107,5.5535192943575,0.0
2020-07-12,36.0,20.0,294.1878662109375,1.630471110343933,25.2,29.48571428571429,20.81428571428571,3.7635675688666703,5.314236561485534,0.0
2020-07-19,36.0,20.0,297.0614318847656,2.237864255905151,26.51428571428571,31.17142857142857,22.8,3.7517570005902905,4.868260354070162,0.0
2020-07-26,58.0,20.0,297.4464111328125,1.568233251571655,27.05714285714286,32.21428571428572,22.52857142857143,3.562725623327477,4.673647045872106,0.0
2020-08-02,36.0,20.0,297.1050109863281,1.739201545715332,25.84285714285715,29.6,22.1,3.8931164854645997,3.7143895731111023,0.0
2020-08-09,40.4,140.62962962962962,296.654294527494,1.7306831983419564,18.378795749704835,30.617857142857144,14.3193919716647,3.7797752558967517,4.77063063063063,3.552713678800501e-16
2020-08-16,41.5,140.62962962962962,296.20357806865985,1.722164850968581,18.378795749704835,30.995238095238097,14.3193919716647,3.7797752558967517,4.77063063063063,4.440892098500626e-16
2020-08-23,43.333333333333336,140.62962962962962,295.75286160982574,1.7136465035952053,18.378795749704835,30.90714285714286,14.3193919716647,3.7797752558967517,4.77063063063063,5.921189464667501e-16
2020-08-30,47.0,140.62962962962962,295.3021451509916,1.70512815622183,18.378795749704835,29.599999999999994,14.3193919716647,3.7797752558967517,4.77063063063063,8.881784197001252e-16
2020-09-06,36.0,140.62962962962962,294.85142869215747,1.6966098088484542,18.378795749704835,30.530059523809527,14.3193919716647,3.7797752558967517,4.77063063063063,1.7763568394002505e-15
2020-09-13,40.03333333333334,140.62962962962962,294.4007122333233,1.6880914614750788,18.378795749704835,30.500793650793653,14.3193919716647,3.7797752558967517,4.77063063063063,0.42142857142857226
2020-09-20,39.404761904761905,140.62962962962962,293.9499957744892,1.6795731141017032,18.378795749704835,27.307142857142853,14.3193919716647,3.7797752558967517,4.77063063063063,0.8248299319727899
2020-09-27,38.61904761904761,140.62962962962962,293.49927931565503,1.6710547667283278,18.378795749704835,24.116666666666664,14.3193919716647,3.7797752558967517,4.77063063063063,1.1284013605442185
2020-10-04,36.0,140.62962962962962,293.0485628568209,1.662536419354952,18.378795749704835,21.307142857142853,14.3193919716647,3.7797752558967517,4.77063063063063,1.7763568394002505e-15
2020-10-11,36.0,140.62962962962962,292.59784639798676,1.6540180719815767,18.378795749704835,21.41428571428571,14.3193919716647,3.7797752558967517,4.77063063063063,2.95
2020-10-18,36.0,140.62962962962962,292.14712993915265,1.645499724608201,18.378795749704835,21.335714285714285,14.3193919716647,3.7797752558967517,4.77063063063063,2.823809523809524
2020-10-25,36.0,140.62962962962962,291.6964134803185,1.6369813772348256,18.378795749704835,21.17142857142857,14.3193919716647,3.7797752558967517,4.77063063063063,2.1250000000000004
2020-11-01,36.0,20.0,291.2456970214844,1.62846302986145,17.55714285714286,21.41428571428571,13.37142857142857,2.757142857142857,5.0,0.0
2020-11-08,36.0,80.0,291.6457214355469,0.5840819478034973,18.12857142857143,21.25714285714286,14.48571428571428,2.899999999999999,5.428571428571429,5.899999999999999
2020-11-15,36.0,40.0,292.0635681152344,2.050410509109497,17.81428571428571,20.84285714285714,15.07142857142857,3.214285714285714,2.571428571428572,2.571428571428572
2020-11-22,36.0,80.0,292.1557006835938,1.381482481956482,17.51428571428572,20.4,14.48571428571428,3.585714285714286,2.428571428571428,0.02857142857142857
2020-11-29,57.0,20.0,291.9049987792969,1.118125557899475,14.1,17.57142857142857,10.77142857142857,3.557142857142857,2.428571428571428,6.700000000000001
2020-12-06,36.0,140.62962962962962,291.644287109375,2.374687910079956,13.07142857142857,16.82857142857143,9.228571428571428,4.142857142857142,4.571428571428571,7.457142857142856
2020-12-13,36.0,3280.0,290.6206970214844,1.041326522827148,15.55714285714286,18.78571428571428,12.08571428571429,5.128571428571428,6.428571428571429,0.01666666666666667
2020-12-20,36.0,20.0,290.0685424804688,1.669474124908447,13.75714285714286,17.32857142857143,9.928571428571429,2.828571428571429,5.428571428571429,1.5
2020-12-27,36.0,140.62962962962962,290.1892700195312,1.483136773109436,12.64285714285714,16.58571428571429,8.32857142857143,3.128571428571429,3.714285714285714,0.0
2021-01-03,36.0,20.0,290.1892700195312,1.483136773109436,18.378795749704835,17.382142857142856,14.3193919716647,3.7797752558967517,4.77063063063063,3.1347619047619046
