Date,dsp_toxins,dsp_phyto,mean_sst,mean_chl,mean_temp,max_temp,min_temp,rainfall
2015-01-11,23.0,20.0,286.4471435546875,3.79768705368042,8.485714285714286,14.34285714285714,4.0,0.0
2015-01-18,76.0,20.0,286.1014099121094,1.200525522232056,9.742857142857142,13.55714285714286,6.485714285714286,8.857142857142858
2015-01-25,31.0,20.0,285.7842712402344,1.412805557250977,9.728571428571428,13.27142857142857,6.2,2.828571428571429
2015-02-01,22.0,20.0,286.1657104492188,1.905049920082092,10.44285714285714,13.85714285714286,6.271428571428571,2.442857142857143
2015-02-08,33.0,20.0,285.61572265625,1.99379575252533,8.657142857142857,12.08571428571429,4.457142857142857,2.271428571428571
2015-02-15,36.0,20.0,285.2699890136719,1.587336659431458,11.42857142857143,15.42857142857143,8.542857142857143,1.771428571428572
2015-02-22,23.0,20.0,285.4228515625,2.567541599273682,11.68571428571429,15.22857142857143,8.27142857142857,2.157142857142857
2015-03-01,36.0,20.0,285.5099792480469,2.207442045211792,12.22857142857143,14.61428571428572,9.62857142857143,1.657142857142857
2015-03-08,33.666666666666664,20.0,285.63808186848956,2.7112278938293457,12.81904761904762,15.942857142857147,9.88095238095238,2.620536796536797
2015-03-15,31.333333333333332,20.0,285.7661844889323,3.2150137424468994,13.40952380952381,17.271428571428572,10.133333333333331,2.620536796536797
2015-03-22,29.0,20.0,285.894287109375,3.718799591064453,14.0,18.6,10.38571428571428,0.07142857142857142
2015-03-29,34.0,20.0,285.9928588867188,3.309813976287842,12.57142857142857,15.34285714285714,10.02857142857143,0.01428571428571429
2015-04-05,36.0,20.0,286.6242980957031,4.239582061767578,16.7,22.9,11.85714285714286,0.0
2015-04-12,35.0,20.0,287.1428527832031,2.434362411499023,16.01428571428572,20.81428571428571,12.12857142857143,0.9
2015-04-19,28.0,20.0,287.9299926757812,1.731589078903198,16.27142857142857,20.17142857142857,12.58571428571429,3.771428571428571
2015-04-26,121.0,40.0,288.4271240234375,1.153018474578857,15.52857142857143,19.11428571428571,12.12857142857143,3.771428571428571
2015-05-03,126.0,20.0,289.0714111328125,1.182042360305786,16.15714285714285,18.94285714285714,13.15714285714286,6.242857142857143
2015-05-10,72.0,80.0,289.2756958007812,1.75838577747345,16.61428571428572,20.57142857142857,13.21428571428571,6.685714285714286
2015-05-17,147.0,40.0,290.0414123535156,2.152575492858887,18.44285714285714,23.07142857142857,14.22857142857143,0.0
2015-05-24,78.0,20.0,288.2257080078125,13.41872692108154,16.9,20.34285714285715,12.95714285714286,0.0
2015-05-31,51.0,20.0,289.0185546875,11.54547119140625,18.91428571428571,23.22857142857143,14.47142857142857,0.0
2015-06-07,27.0,20.0,289.2185668945312,7.169189453125,17.45714285714286,21.34285714285714,14.3,0.7857142857142857
2015-06-14,72.0,20.0,290.2456970214844,1.157908201217651,18.11666666666667,21.71666666666667,15.41666666666667,8.76
2015-06-21,65.0,20.0,291.9785766601562,0.9825806617736816,22.44285714285714,28.62857142857143,16.78571428571428,0.0
2015-06-28,72.0,20.0,292.2042846679688,0.8360881805419922,19.3,22.48571428571429,16.47142857142857,0.02857142857142857
2015-07-05,50.0,20.0,291.9800109863281,0.788657546043396,20.05714285714285,24.72857142857143,16.37142857142857,0.0
2015-07-12,31.0,80.0,291.5885620117188,3.752487421035767,19.61428571428572,23.32857142857143,16.52857142857143,0.0
2015-07-19,53.0,20.0,291.5814208984375,2.153654336929321,20.34285714285715,25.21428571428572,17.5,0.0
2015-07-26,89.0,20.0,291.6742858886719,6.65343189239502,20.38571428571428,24.12857142857143,16.97142857142857,0.02857142857142857
2015-08-02,71.0,40.0,291.1785583496094,5.520833015441895,20.82857142857143,24.54285714285714,18.15714285714285,0.2142857142857143
2015-08-09,186.0,20.0,291.1428527832031,10.24276924133301,19.8,25.2,15.11428571428572,0.0
2015-08-16,387.0,20.0,290.2742919921875,3.358314990997314,19.44285714285715,23.44285714285714,16.64285714285715,0.0
2015-08-23,149.0,20.0,290.6385498046875,11.83911609649658,19.51428571428571,24.32857142857143,16.24285714285714,0.4571428571428572
2015-08-30,202.25,20.0,291.1656951904297,10.679791450500488,19.664285714285715,24.271428571428572,16.37857142857143,2.620536796536797
2015-09-06,255.5,20.0,291.6928405761719,9.520466804504395,19.81428571428572,24.21428571428572,16.51428571428572,0.02857142857142857
2015-09-13,276.0,20.0,291.3299865722656,8.27140998840332,18.54285714285714,22.47142857142857,14.92857142857143,0.6428571428571429
2015-09-20,189.0,20.0,291.0728454589844,3.678722620010376,18.12857142857143,22.67142857142857,13.38571428571429,9.62857142857143
2015-09-27,204.0,20.0,290.5971374511719,7.225008964538574,17.02857142857143,20.84285714285715,14.32857142857143,0.0
2015-10-04,161.0,20.0,290.5828552246094,7.050277233123779,18.68571428571428,23.87142857142857,14.4,1.5
2015-10-11,154.0,40.0,290.4642944335938,2.056793928146362,17.87142857142857,21.2,14.61428571428571,6.085714285714286
2015-10-18,85.0,20.0,290.8714294433594,2.923531055450439,19.31428571428571,24.58571428571429,16.02857142857143,5.342857142857143
2015-10-25,153.0,20.0,290.8585815429688,3.00907826423645,18.35714285714286,22.18571428571428,14.98571428571429,0.9285714285714286
2015-11-01,87.0,20.0,290.5457153320312,1.523468017578125,16.98571428571428,20.47142857142857,14.32857142857143,8.142857142857142
2015-11-08,156.0,20.0,290.5885620117188,1.820078134536743,17.88571428571429,21.48571428571429,15.52857142857143,9.714285714285714
2015-11-15,91.0,20.0,290.6642761230469,4.556825160980225,15.71428571428572,20.97142857142857,11.51428571428571,0.02857142857142857
2015-11-22,72.0,20.0,290.1300048828125,2.91525936126709,13.5,17.94285714285714,9.37142857142857,1.514285714285714
2015-11-29,44.0,20.0,289.5685729980469,2.623092651367188,12.14285714285714,16.25714285714286,7.728571428571429,0.0
2015-12-06,94.0,20.0,289.0028381347656,4.178308010101318,13.71428571428571,19.42857142857143,9.62857142857143,0.0
2015-12-13,44.0,20.0,288.7128601074219,3.032026290893555,13.28571428571429,17.2,9.757142857142856,2.257142857142857
2015-12-20,44.0,20.0,288.7042846679688,2.107038497924805,16.98571428571429,20.15714285714286,14.34285714285714,2.885714285714286
2015-12-27,62.0,20.0,288.4409484863282,2.125796397527059,15.871428571428574,18.83809523809524,13.138095238095236,2.620536796536797
2016-01-03,80.0,20.0,288.1776123046875,2.144554297129313,14.757142857142858,17.51904761904762,11.933333333333334,2.620536796536797
2016-01-10,36.0,20.0,287.9142761230469,2.163312196731567,13.64285714285714,16.2,10.72857142857143,24.58571428571429
2016-01-17,36.0,20.0,287.7371520996094,2.750504016876221,11.58571428571429,15.08571428571429,8.371428571428572,5.128571428571428
2016-01-24,36.0,20.0,287.6892852783203,2.5786622762680054,11.83571428571429,15.350000000000005,8.392857142857142,2.620536796536797
2016-01-31,36.0,20.0,287.6414184570312,2.40682053565979,12.08571428571429,15.61428571428572,8.414285714285715,2.842857142857143
2016-02-07,36.0,80.0,287.4871215820312,3.305423736572266,12.55714285714286,16.82857142857143,8.857142857142858,2.185714285714286
2016-02-14,36.0,20.0,287.4371337890625,1.666585326194763,14.41428571428571,15.75714285714286,12.51428571428571,12.32857142857143
2016-02-21,31.0,20.0,287.2071228027344,3.393522262573242,10.04285714285714,14.71428571428571,5.428571428571429,4.242857142857143
2016-02-28,19.0,20.0,286.9385681152344,2.876527786254883,11.11428571428572,14.27142857142857,8.114285714285714,13.04285714285714
2016-03-06,36.0,480.0,286.6371459960938,1.871734619140625,10.9,14.24285714285714,7.228571428571428,0.8285714285714285
2016-03-13,39.0,20.0,285.7485656738281,2.126484870910645,11.55714285714286,15.05714285714286,7.957142857142857,0.7571428571428571
2016-03-20,36.0,20.0,285.8257141113281,2.001951217651367,12.15714285714286,16.48571428571429,8.714285714285714,3.257142857142857
2016-03-27,41.0,20.0,286.3914184570312,1.738590002059937,12.87142857142857,16.94285714285714,8.914285714285715,1.542857142857143
2016-04-03,67.0,160.0,286.4071350097656,2.000974178314209,12.74285714285714,16.4,9.5,5.014285714285713
2016-04-10,114.0,20.0,286.201416015625,3.65282416343689,12.47142857142857,15.61428571428571,9.571428571428571,6.228571428571429
2016-04-17,222.0,20.0,286.3285522460938,2.664620399475098,13.9,17.52857142857143,11.25714285714286,17.34285714285714
2016-04-24,290.0,20.0,287.6285705566406,2.679008960723877,15.97142857142857,20.37142857142857,12.15714285714286,1.185714285714285
2016-05-01,167.0,20.0,288.5142822265625,4.624765396118164,15.44285714285714,19.12857142857143,11.72857142857143,0.0
2016-05-08,175.0,20.0,288.3185577392578,2.616950184106827,15.035714285714285,18.435714285714283,11.964285714285715,2.620536796536797
2016-05-15,183.0,20.0,288.1228332519531,0.6091349720954895,14.62857142857143,17.74285714285714,12.2,11.08571428571429
2016-05-22,145.0,20.0,288.7521209716797,2.9501048624515533,15.97857142857143,19.807142857142857,12.84285714285714,2.620536796536797
2016-05-29,107.0,20.0,289.3814086914062,5.291074752807617,17.32857142857143,21.87142857142857,13.48571428571428,5.742857142857143
2016-06-05,52.0,20.0,290.4857177734375,2.029608964920044,18.78571428571428,22.48571428571429,14.77142857142857,0.0
2016-06-12,170.0,20.0,291.778564453125,2.401736974716187,19.55714285714286,22.72857142857143,16.81428571428571,0.7000000000000001
2016-06-19,105.0,20.0,290.8471374511719,1.308425188064575,18.08571428571429,21.24285714285714,15.01428571428572,2.642857142857143
2016-06-26,72.0,20.0,290.5685729980469,1.765909075737,19.0,22.81428571428571,15.97142857142857,0.0
2016-07-03,48.0,20.0,289.8885498046875,7.079749584197998,18.52857142857143,21.77142857142857,15.62857142857143,0.0
2016-07-10,62.0,20.0,290.6585693359375,5.197681903839111,19.82857142857143,25.07142857142857,16.72857142857143,0.0
2016-07-17,36.0,20.0,290.4085693359375,2.965397834777832,21.1,26.9,15.71428571428571,0.0
2016-07-24,63.0,20.0,291.182861328125,3.203269720077515,20.44285714285715,25.75714285714286,16.81428571428571,0.0
2016-07-31,36.0,20.0,291.2528381347656,5.673929691314697,20.14285714285714,25.07142857142857,16.47142857142857,0.04285714285714286
2016-08-07,35.0,20.0,291.1799926757812,9.980984687805176,21.25714285714286,27.17142857142857,16.21428571428572,0.09999999999999999
2016-08-14,81.0,80.0,290.7799987792969,8.224732398986816,22.41428571428571,28.54285714285714,17.45714285714286,0.0
2016-08-21,63.0,160.0,291.0057067871094,9.389805793762207,19.6,23.57142857142857,16.15714285714285,0.2285714285714286
2016-08-28,123.0,40.0,291.0585632324219,6.42094612121582,19.5,24.71428571428572,16.41428571428571,0.6428571428571429
2016-09-04,162.0,20.0,290.9342956542969,10.06504440307617,18.88571428571428,24.37142857142857,15.47142857142857,0.0
2016-09-11,413.0,80.0,291.0071411132812,9.963316917419434,19.7,24.1,16.35714285714285,0.0
2016-09-18,193.0,20.0,290.8814086914062,3.68656325340271,18.55714285714286,23.18571428571428,14.61428571428571,3.742857142857143
2016-09-25,278.0,120.0,290.2685546875,6.661014556884766,17.42857142857143,22.17142857142857,13.61428571428571,1.471428571428571
2016-10-02,260.0,20.0,290.0728454589844,8.423056602478027,18.37142857142857,23.77142857142857,14.54285714285714,0.0
2016-10-09,750.0,20.0,289.6385803222656,9.15799331665039,16.11428571428571,20.87142857142857,12.15714285714286,0.0
2016-10-16,491.5,20.0,289.7442932128906,5.376641273498535,17.31428571428571,21.707142857142856,14.05714285714286,2.620536796536797
2016-10-23,233.0,20.0,289.8500061035156,1.59528923034668,18.51428571428571,22.54285714285714,15.95714285714286,6.957142857142856
2016-10-30,196.0,20.0,290.30357360839844,2.37644100189209,17.971428571428568,22.42142857142857,14.75,2.620536796536797
2016-11-06,159.0,20.0,290.7571411132812,3.1575927734375,17.42857142857143,22.3,13.54285714285714,4.571428571428571
2016-11-13,133.5,20.0,290.1199951171875,3.0801615715026855,16.092857142857145,20.3,12.399999999999999,2.620536796536797
2016-11-20,108.0,20.0,289.4828491210938,3.002730369567871,14.75714285714286,18.3,11.25714285714286,5.742857142857143
2016-11-27,43.0,20.0,289.03857421875,2.53299617767334,10.67142857142857,14.37142857142857,6.7,12.28571428571428
2016-12-04,43.0,20.0,288.5985717773438,4.015567302703857,14.4,18.45714285714286,10.77142857142857,0.3428571428571429
2016-12-11,66.0,20.0,288.4299926757812,4.798187255859375,14.95714285714286,20.52857142857143,10.88571428571429,0.0
2016-12-18,53.0,20.0,288.2442626953125,3.417833566665649,12.14285714285714,15.87142857142857,7.985714285714286,9.27142857142857
2016-12-25,123.0,20.0,287.8257141113281,3.165414571762085,9.842857142857143,15.21428571428571,5.042857142857144,0.02857142857142857
2017-01-01,79.5,20.0,287.6764221191406,3.0757761001586914,10.92857142857143,15.764285714285709,6.485714285714286,2.620536796536797
2017-01-08,36.0,200.0,287.5271301269531,2.986137628555298,12.01428571428572,16.31428571428571,7.928571428571429,0.5285714285714286
2017-01-15,34.0,20.0,287.345703125,2.828989267349243,9.800000000000002,14.642857142857139,4.9,2.620536796536797
2017-01-22,32.0,20.0,287.1642761230469,2.671840906143188,7.585714285714286,12.97142857142857,1.871428571428572,0.0
2017-01-29,36.0,20.0,286.8985595703125,2.115774393081665,10.21428571428572,14.64285714285714,5.899999999999999,13.84285714285714
2017-02-05,36.0,20.0,286.989990234375,1.630353808403015,13.95714285714286,16.3,11.24285714285714,6.614285714285715
2017-02-12,168.0,20.0,286.9771423339844,2.365366458892822,11.12857142857143,15.52857142857143,6.414285714285714,8.028571428571428
2017-02-19,36.0,20.0,286.9028625488281,2.259701013565063,13.24285714285714,19.04285714285714,7.957142857142857,2.8
2017-02-26,36.0,20.0,287.07535552978516,2.2593088746070857,13.785714285714283,19.59285714285714,8.539285714285715,2.620536796536797
2017-03-05,36.0,20.0,287.2478485107422,2.2589167356491084,14.328571428571426,20.14285714285714,9.121428571428574,2.620536796536797
2017-03-12,36.0,20.0,287.42034149169916,2.258524596691131,14.871428571428567,20.69285714285714,9.703571428571433,2.620536796536797
2017-03-19,36.0,20.0,287.5928344726562,2.258132457733154,15.41428571428571,21.24285714285714,10.28571428571429,0.0
2017-03-26,36.0,20.0,287.4092712402344,2.12041175365448,15.042857142857141,20.335714285714285,10.207142857142859,2.620536796536797
2017-04-02,36.0,20.0,287.2257080078125,1.982691049575806,14.67142857142857,19.42857142857143,10.12857142857143,1.414285714285714
2017-04-09,82.0,20.0,287.8328552246094,2.6318515936533613,16.17142857142857,21.214285714285715,11.833333333333334,2.620536796536797
2017-04-16,128.0,20.0,288.44000244140625,3.281012137730917,17.67142857142857,22.999999999999996,13.538095238095236,2.620536796536797
2017-04-23,174.0,20.0,289.0471496582031,3.930172681808472,19.17142857142857,24.78571428571428,15.24285714285714,1.514285714285714
2017-04-30,625.0,20.0,288.4985656738281,3.701520919799805,15.35714285714286,19.24285714285714,11.37142857142857,2.3
2017-05-07,124.0,20.0,288.4528503417969,3.998104333877563,17.41428571428571,22.77142857142857,11.17142857142857,4.2
2017-05-14,365.0,20.0,289.30213928222656,3.1405690908432007,17.950000000000003,22.692857142857143,12.92142857142857,2.620536796536797
2017-05-21,606.0,20.0,290.1514282226562,2.283033847808838,18.48571428571429,22.61428571428572,14.67142857142857,0.0
2017-05-28,180.0,20.0,290.5700073242188,1.792846083641052,20.25714285714286,24.74285714285714,16.97142857142857,2.642857142857143
2017-06-04,110.0,20.0,290.7471313476562,2.003984451293945,18.25714285714286,20.82857142857143,15.91428571428571,1.057142857142857
2017-06-11,132.75,20.0,290.7846298217773,1.9599715173244474,18.517857142857146,21.289285714285715,15.849999999999998,2.620536796536797
2017-06-18,155.5,20.0,290.82212829589844,1.91595858335495,18.778571428571432,21.75,15.785714285714285,2.620536796536797
2017-06-25,178.25,20.0,290.85962677001953,1.8719456493854525,19.039285714285715,22.210714285714285,15.721428571428572,2.620536796536797
2017-07-02,201.0,20.0,290.8971252441406,1.827932715415955,19.3,22.67142857142857,15.65714285714286,0.1285714285714286
2017-07-09,111.0,20.0,290.2857055664062,1.9718257188797,20.82857142857143,25.12857142857143,17.94285714285714,0.0
2017-07-16,105.33333333333333,20.0,290.21427408854163,3.344750960667928,20.576190476190476,24.685714285714287,17.64285714285714,2.620536796536797
2017-07-23,99.66666666666667,20.0,290.14284261067706,4.717676202456157,20.323809523809523,24.242857142857144,17.34285714285714,2.620536796536797
2017-07-30,94.0,20.0,290.0714111328125,6.090601444244385,20.07142857142857,23.8,17.04285714285714,0.0
2017-08-06,324.0,20.0,290.7642822265625,2.121060848236084,20.74285714285714,24.55714285714286,17.25714285714286,0.0
2017-08-13,269.6666666666667,20.0,290.7085673014323,2.3186111450195312,20.59047619047619,24.895238095238096,17.290476190476195,2.620536796536797
2017-08-20,215.33333333333331,20.0,290.65285237630206,2.5161614418029785,20.438095238095233,25.233333333333334,17.323809523809526,2.620536796536797
2017-08-27,161.0,20.0,290.5971374511719,2.713711738586426,20.28571428571428,25.57142857142857,17.35714285714286,0.04285714285714286
2017-09-03,127.0,20.0,290.2849884033203,4.707179546356201,19.485714285714288,24.07857142857143,16.464285714285715,2.620536796536797
2017-09-10,93.0,20.0,289.9728393554688,6.700647354125977,18.68571428571429,22.58571428571429,15.57142857142857,0.3428571428571429
2017-09-17,109.5,20.0,289.29713439941406,3.9666122794151306,17.585714285714285,22.21428571428572,14.157142857142855,2.620536796536797
2017-09-24,126.0,20.0,288.6214294433594,1.232577204704285,16.48571428571428,21.84285714285715,12.74285714285714,0.3285714285714286
2017-10-01,127.0,50.0,289.0757141113281,1.757814884185791,17.34285714285715,22.42857142857143,13.84285714285714,0.02857142857142857
2017-10-08,36.0,20.0,289.4542846679688,1.503564238548279,17.7,24.44285714285714,13.25714285714285,0.0
2017-10-15,56.5,20.0,289.6271362304688,1.9467107653617859,17.45,22.99285714285714,13.428571428571423,2.620536796536797
2017-10-22,77.0,20.0,289.7999877929688,2.389857292175293,17.2,21.54285714285714,13.6,5.628571428571428
2017-10-29,101.77777777777779,20.0,289.44189453125006,2.703752279281616,15.704761904761902,20.28095238095238,11.452380952380953,2.620536796536797
2017-11-05,126.55555555555557,20.0,289.08380126953125,3.01764726638794,14.209523809523807,19.01904761904762,9.304761904761904,2.620536796536797
2017-11-12,151.33333333333334,20.0,288.7257080078125,3.331542253494263,12.71428571428571,17.75714285714286,7.157142857142856,0.01428571428571429
2017-11-19,123.16666666666667,20.0,288.3807067871094,3.167867660522461,14.364285714285714,19.478571428571428,9.499999999999998,2.620536796536797
2017-11-26,95.0,20.0,288.0357055664062,3.004193067550659,16.01428571428572,21.2,11.84285714285714,3.285714285714286
2017-12-03,89.0,20.0,287.7221374511719,2.644504189491272,14.17857142857143,19.164285714285715,9.928571428571427,2.620536796536797
2017-12-10,83.0,20.0,287.4085693359375,2.284815311431885,12.34285714285714,17.12857142857143,8.014285714285714,4.542857142857143
2017-12-17,59.5,20.0,287.20428466796875,2.133558809757233,11.521428571428569,16.90714285714286,6.164285714285715,2.620536796536797
2017-12-24,36.0,20.0,287.0,1.982302308082581,10.7,16.68571428571429,4.314285714285715,0.0
2017-12-31,31.5,20.0,286.96214294433594,1.930199146270752,11.585714285714285,15.914285714285715,6.5,2.620536796536797
2018-01-07,27.0,40.0,286.9242858886719,1.878095984458923,12.47142857142857,15.14285714285714,8.685714285714285,7.0
2018-01-14,31.5,20.0,286.57142639160156,2.0248518586158752,11.714285714285715,14.985714285714284,7.457142857142857,2.620536796536797
2018-01-21,36.0,20.0,286.2185668945312,2.171607732772827,10.95714285714286,14.82857142857143,6.228571428571429,0.6857142857142857
2018-01-28,36.0,20.0,286.1785583496094,2.614840984344482,11.37142857142857,15.51428571428572,7.000000000000001,4.442857142857142
2018-02-04,36.0,20.0,285.99427795410156,2.3632038831710815,10.07857142857143,14.250000000000004,5.714285714285714,2.620536796536797
2018-02-11,36.0,20.0,285.8099975585938,2.111566781997681,8.785714285714286,12.98571428571429,4.428571428571428,0.8285714285714285
2018-02-18,36.0,20.0,285.6799926757813,2.3931392431259155,10.149999999999999,15.050000000000004,5.078571428571428,2.620536796536797
2018-02-25,36.0,40.0,285.5499877929688,2.67471170425415,11.51428571428571,17.11428571428572,5.728571428571429,0.0
2018-03-04,36.0,20.0,285.66212463378906,2.2678555250167847,12.207142857142856,16.371428571428574,7.557142857142857,2.620536796536797
2018-03-11,36.0,20.0,285.7742614746094,1.860999345779419,12.9,15.62857142857143,9.385714285714286,2.620536796536797
2018-03-18,36.0,20.0,285.96141052246094,2.1469666957855225,11.65,14.589285714285715,7.9628571428571435,2.620536796536797
2018-03-25,36.0,20.0,286.1485595703125,2.432934045791626,10.4,13.55,6.540000000000001,0.0
2018-04-01,36.0,20.0,286.2735595703125,2.297013759613037,11.0125,14.5625,7.345000000000001,2.620536796536797
2018-04-08,36.0,20.0,286.3985595703125,2.161093473434448,11.625,15.575,8.15,14.0
2018-04-15,67.0,20.0,286.9457092285156,3.461971163749695,13.80535714285714,18.551785714285714,9.79642857142857,2.620536796536797
2018-04-22,98.0,40.0,287.4928588867188,4.762848854064941,15.98571428571428,21.52857142857143,11.44285714285714,0.7714285714285715
2018-04-29,178.0,20.0,287.239990234375,6.126068592071533,15.164285714285711,19.964285714285715,10.814285714285715,2.620536796536797
2018-05-06,258.0,8040.0,286.9871215820312,7.489288330078125,14.34285714285714,18.4,10.18571428571429,0.6714285714285715
2018-05-13,147.0,20.0,287.3092651367187,5.5139031410217285,15.485714285714284,20.00714285714286,11.2,2.620536796536797
2018-05-20,36.0,20.0,287.6314086914062,3.538517951965332,16.62857142857143,21.61428571428572,12.21428571428571,0.05714285714285715
2018-05-27,277.5,20.0,288.30140686035156,2.6304908990859985,16.242857142857144,20.00714285714286,12.978571428571424,2.620536796536797
2018-06-03,519.0,40.0,288.9714050292969,1.722463846206665,15.85714285714286,18.4,13.74285714285714,0.5571428571428572
2018-06-10,550.0,20.0,288.9757080078125,2.044425964355469,15.85714285714286,18.37142857142857,14.12857142857143,5.757142857142857
2018-06-17,452.0,20.0,289.3635711669922,4.687129020690918,18.5,22.778571428571432,15.50714285714286,2.620536796536797
2018-06-24,354.0,20.0,289.7514343261719,7.329832077026367,21.14285714285714,27.18571428571429,16.88571428571429,2.371428571428571
2018-07-01,132.0,20.0,290.7642822265625,0.9920312762260437,18.77142857142857,22.11428571428572,16.52857142857143,0.6571428571428571
2018-07-08,98.0,20.0,291.9057006835938,0.4936120808124542,19.68571428571428,23.12857142857143,16.91428571428571,0.4428571428571429
2018-07-15,82.5,20.0,291.8199844360352,2.2353399619460106,20.53571428571428,24.82857142857143,17.221428571428568,2.620536796536797
2018-07-22,67.0,20.0,291.73426818847656,3.977067843079567,21.385714285714286,26.528571428571432,17.528571428571425,2.620536796536797
2018-07-29,51.5,20.0,291.64855194091797,5.718795724213123,22.235714285714288,28.22857142857143,17.835714285714282,2.620536796536797
2018-08-05,36.0,20.0,291.5628356933594,7.46052360534668,23.08571428571429,29.92857142857143,18.14285714285714,0.0
2018-08-12,36.0,20.0,291.1321258544922,7.403668403625488,22.189285714285717,28.87857142857143,17.44642857142857,2.620536796536797
2018-08-19,36.0,20.0,290.701416015625,7.346813201904297,21.292857142857144,27.82857142857143,16.75,2.620536796536797
2018-08-26,36.0,20.0,290.2707061767578,7.2899580001831055,20.396428571428572,26.778571428571432,16.05357142857143,2.620536796536797
2018-09-02,36.0,40.0,289.8399963378906,7.233102798461914,19.5,25.72857142857143,15.35714285714286,0.0
2018-09-09,36.0,20.0,290.6428527832031,8.217094421386719,18.95,24.835714285714285,15.278571428571428,2.620536796536797
2018-09-16,36.0,40.0,291.4457092285156,9.201086044311523,18.4,23.94285714285714,15.2,0.01428571428571429
2018-09-23,36.0,20.0,291.1649932861328,6.507300138473511,19.17142857142857,25.278571428571432,15.507142857142854,2.620536796536797
2018-09-30,36.0,20.0,290.88427734375,3.813514232635498,19.94285714285714,26.61428571428572,15.81428571428571,0.0
2018-10-07,36.0,20.0,290.55177307128906,4.097671747207642,18.907142857142855,25.13928571428572,14.832142857142856,2.620536796536797
2018-10-14,36.0,20.0,290.2192687988281,4.381829261779785,17.87142857142857,23.664285714285718,13.85,2.620536796536797
2018-10-21,36.0,20.0,289.88676452636713,4.665986776351929,16.835714285714285,22.18928571428572,12.867857142857144,2.620536796536797
2018-10-28,36.0,40.0,289.5542602539062,4.950144290924072,15.8,20.71428571428572,11.88571428571429,0.0
2018-11-04,36.0,20.0,289.0528361002604,4.368741432825724,15.51904761904762,20.27619047619048,11.514285714285716,2.620536796536797
2018-11-11,36.0,20.0,288.5514119466146,3.787338574727376,15.23809523809524,19.83809523809524,11.142857142857144,2.620536796536797
2018-11-18,36.0,20.0,288.0499877929688,3.205935716629028,14.95714285714286,19.4,10.77142857142857,0.5
2018-11-25,36.0,20.0,287.653564453125,2.916637897491455,13.55714285714286,17.664285714285715,9.87142857142857,2.620536796536797
2018-12-02,36.0,20.0,287.2571411132812,2.627340078353882,12.15714285714286,15.92857142857143,8.971428571428572,4.600000000000001
2018-12-09,36.0,20.0,287.2385711669922,2.444741368293762,12.30714285714286,15.90714285714286,8.935714285714287,2.620536796536797
2018-12-16,36.0,20.0,287.2200012207031,2.262142658233643,12.45714285714286,15.88571428571429,8.9,10.92857142857143
2018-12-23,36.0,20.0,286.9989242553711,3.2949415445327763,11.810714285714289,15.646428571428576,7.996428571428572,2.620536796536797
2018-12-30,36.0,20.0,286.77784729003906,4.327740430831909,11.164285714285715,15.40714285714286,7.092857142857143,2.620536796536797
2019-01-06,36.0,20.0,286.55677032470703,5.3605393171310425,10.517857142857142,15.167857142857144,6.189285714285714,2.620536796536797
2019-01-13,36.0,20.0,286.335693359375,6.393338203430176,9.87142857142857,14.92857142857143,5.285714285714286,0.01428571428571429
2019-01-20,36.0,20.0,286.25069427490234,5.274820655584335,9.978571428571428,14.910714285714288,5.485714285714286,2.620536796536797
2019-01-27,36.0,20.0,286.1656951904297,4.156303107738495,10.085714285714285,14.892857142857146,5.685714285714285,2.620536796536797
2019-02-03,36.0,20.0,286.08069610595703,3.0377855598926544,10.192857142857143,14.875000000000002,5.885714285714285,2.620536796536797
2019-02-10,36.0,20.0,285.9956970214844,1.919268012046814,10.3,14.85714285714286,6.085714285714285,0.9714285714285714
2019-02-17,36.0,20.0,286.2321319580078,3.4916130900382996,11.492857142857146,16.792857142857144,6.799999999999999,2.620536796536797
2019-02-24,36.0,20.0,286.4685668945312,5.063958168029785,12.68571428571429,18.72857142857143,7.514285714285713,0.8571428571428571
2019-03-03,79.5,20.0,286.68641662597656,3.506209909915924,12.77857142857143,17.30714285714286,8.621428571428572,2.620536796536797
2019-03-10,123.0,20.0,286.9042663574219,1.948461651802063,12.87142857142857,15.88571428571429,9.72857142857143,5.928571428571429
2019-03-17,106.0,20.0,287.0085754394531,1.992511987686157,11.68571428571429,15.95714285714286,7.357142857142859,0.2857142857142857
2019-03-24,77.0,20.0,287.1014099121094,2.730404138565063,14.02857142857143,20.22857142857143,8.057142857142859,0.0
2019-03-31,36.0,20.0,287.6128540039062,2.524138927459717,16.47142857142857,22.51428571428572,10.5,0.0
2019-04-07,36.0,20.0,287.2814178466797,2.0804510712623596,15.12857142857143,19.914285714285715,10.42857142857143,2.620536796536797
2019-04-14,36.0,20.0,286.9499816894531,1.636763215065002,13.78571428571429,17.31428571428571,10.35714285714286,2.714285714285714
2019-04-21,111.25,20.0,287.2957000732422,1.720838367938995,14.642857142857148,18.23571428571428,11.153571428571428,2.620536796536797
2019-04-28,186.5,20.0,287.64141845703125,1.8049135208129878,15.500000000000004,19.157142857142855,11.95,2.620536796536797
2019-05-05,261.75,20.0,287.9871368408203,1.888988673686981,16.35714285714286,20.07857142857143,12.74642857142857,2.620536796536797
2019-05-12,337.0,20.0,288.3328552246094,1.973063826560974,17.21428571428572,21.0,13.54285714285714,1.771428571428572
2019-05-19,358.5,20.0,288.5028533935547,3.34139221906662,16.871428571428574,20.985714285714288,12.82142857142857,2.620536796536797
2019-05-26,380.0,280.0,288.6728515625,4.709720611572266,16.52857142857143,20.97142857142857,12.1,0.0
2019-06-02,316.5,20.0,288.8399963378906,3.763402357697487,16.789285714285715,21.107142857142858,12.69642857142857,2.620536796536797
2019-06-09,253.0,20.0,289.00714111328125,2.817084103822708,17.049999999999997,21.242857142857147,13.292857142857141,2.620536796536797
2019-06-16,189.5,20.0,289.1742858886719,1.8707658499479294,17.310714285714283,21.378571428571433,13.88928571428571,2.620536796536797
2019-06-23,126.0,20.0,289.3414306640625,0.9244475960731506,17.57142857142857,21.51428571428572,14.48571428571428,4.100000000000001
2019-06-30,81.0,20.0,290.2464294433594,0.801411896944046,18.6,22.492857142857147,15.51428571428571,2.620536796536797
2019-07-07,36.0,20.0,291.1514282226562,0.6783761978149414,19.62857142857143,23.47142857142857,16.54285714285714,0.0
2019-07-14,138.8,20.0,291.08999633789057,1.1223389148712157,19.834285714285713,23.625714285714285,16.805714285714284,2.620536796536797
2019-07-21,241.6,20.0,291.02856445312494,1.56630163192749,20.04,23.779999999999998,17.068571428571428,2.620536796536797
2019-07-28,344.4,20.0,290.9671325683594,2.0102643489837644,20.245714285714282,23.934285714285714,17.331428571428575,2.620536796536797
2019-08-04,447.2,20.0,290.90570068359375,2.4542270660400387,20.45142857142857,24.088571428571427,17.594285714285718,2.620536796536797
2019-08-11,550.0,20.0,290.8442687988281,2.898189783096313,20.65714285714285,24.24285714285714,17.85714285714286,3.842857142857143
2019-08-18,550.0,20.0,290.83766174316406,3.048349946737289,20.33035714285714,24.04642857142857,17.408928571428575,2.620536796536797
2019-08-25,550.0,20.0,290.8310546875,3.198510110378265,20.003571428571423,23.849999999999998,16.96071428571429,2.620536796536797
2019-09-01,550.0,20.0,290.82444763183594,3.348670274019241,19.67678571428571,23.653571428571425,16.512500000000003,2.620536796536797
2019-09-08,550.0,20.0,290.8178405761719,3.4988304376602173,19.349999999999994,23.457142857142856,16.064285714285717,2.620536796536797
2019-09-15,550.0,20.0,290.8112335205078,3.6489906013011932,19.023214285714282,23.260714285714286,15.61607142857143,2.620536796536797
2019-09-22,550.0,20.0,290.80462646484375,3.799150764942169,18.69642857142857,23.064285714285713,15.167857142857143,2.620536796536797
2019-09-29,550.0,20.0,290.7980194091797,3.949310928583145,18.369642857142853,22.86785714285714,14.719642857142857,2.620536796536797
2019-10-06,550.0,20.0,290.7914123535156,4.099471092224121,18.04285714285714,22.67142857142857,14.27142857142857,0.2714285714285715
2019-10-13,531.8888888888889,20.0,290.3663330078125,3.953437063429091,17.27142857142857,21.841269841269842,13.477777777777778,2.620536796536797
2019-10-20,513.7777777777778,20.0,289.9412536621094,3.8074030346340604,16.5,21.01111111111111,12.684126984126983,2.620536796536797
2019-10-27,495.6666666666667,20.0,289.51617431640625,3.6613690058390302,15.728571428571428,20.18095238095238,11.890476190476189,2.620536796536797
2019-11-03,477.55555555555554,20.0,289.0910949707031,3.5153349770439997,14.957142857142856,19.35079365079365,11.096825396825396,2.620536796536797
2019-11-10,459.44444444444446,20.0,288.666015625,3.3693009482489695,14.185714285714285,18.52063492063492,10.303174603174604,2.620536796536797
2019-11-17,441.33333333333337,20.0,288.2409362792969,3.2232669194539394,13.414285714285715,17.69047619047619,9.50952380952381,2.620536796536797
2019-11-24,423.22222222222223,20.0,287.81585693359375,3.077232890658909,12.642857142857142,16.86031746031746,8.715873015873015,2.620536796536797
2019-12-01,405.1111111111111,20.0,287.3907775878906,2.9311988618638782,11.87142857142857,16.03015873015873,7.9222222222222225,2.620536796536797
2019-12-08,387.0,20.0,286.9656982421875,2.785164833068848,11.1,15.2,7.128571428571429,0.3142857142857143
2019-12-15,345.0,20.0,286.8950849260603,2.8414023263113846,11.063265306122448,15.193877551020408,7.163265306122449,2.620536796536797
2019-12-22,303.0,20.0,286.824471609933,2.8976398195539206,11.026530612244898,15.187755102040816,7.19795918367347,2.620536796536797
2019-12-29,261.0,20.0,286.7538582938058,2.953877312796457,10.989795918367346,15.181632653061225,7.23265306122449,2.620536796536797
2020-01-05,219.0,20.0,286.68324497767856,3.010114806038993,10.953061224489794,15.175510204081634,7.2673469387755105,2.620536796536797
2020-01-12,177.0,20.0,286.61263166155135,3.0663522992815295,10.916326530612242,15.169387755102044,7.302040816326531,2.620536796536797
2020-01-19,135.0,20.0,286.5420183454241,3.1225897925240655,10.879591836734692,15.163265306122451,7.336734693877552,2.620536796536797
2020-01-26,93.0,20.0,286.4714050292969,3.178827285766602,10.84285714285714,15.15714285714286,7.371428571428572,0.1857142857142857
2020-02-02,63.0,20.0,286.46142578125,1.546275973320007,14.88571428571428,17.21428571428571,13.4,6.785714285714286
2020-02-09,112.75,20.0,286.6239242553711,1.7375256717205045,14.328571428571426,17.060714285714283,12.403571428571428,2.620536796536797
2020-02-16,162.5,20.0,286.7864227294922,1.9287753701210022,13.77142857142857,16.90714285714286,11.407142857142858,2.620536796536797
2020-02-23,212.25,20.0,286.9489212036133,2.1200250685214996,13.214285714285715,16.75357142857143,10.410714285714286,2.620536796536797
2020-03-01,262.0,20.0,287.1114196777344,2.311274766921997,12.65714285714286,16.6,9.414285714285715,4.428571428571429
2020-03-08,234.5,20.0,287.182133992513,2.025193532307943,13.119047619047622,16.945238095238096,10.121428571428572,2.620536796536797
2020-03-15,207.0,20.0,287.25284830729163,1.7391122976938882,13.580952380952384,17.29047619047619,10.82857142857143,2.620536796536797
2020-03-22,179.5,20.0,287.3235626220703,1.453031063079834,14.042857142857144,17.635714285714286,11.535714285714288,2.620536796536797
2020-03-29,152.0,20.0,287.39427693684894,1.1669498284657795,14.504761904761907,17.98095238095238,12.242857142857146,2.620536796536797
2020-04-05,124.5,20.0,287.46499125162757,0.8808685938517251,14.966666666666669,18.326190476190476,12.950000000000003,2.620536796536797
2020-04-12,97.0,20.0,287.5357055664062,0.5947873592376709,15.42857142857143,18.67142857142857,13.65714285714286,4.328571428571428
2020-04-19,66.5,20.0,288.0357055664062,0.9152321815490725,14.785714285714285,18.214285714285715,12.321428571428575,2.620536796536797
2020-04-26,36.0,40.0,288.5357055664062,1.235677003860474,14.14285714285714,17.75714285714286,10.98571428571429,1.242857142857143
2020-05-03,40.19230769230769,20.0,288.5284529465895,1.3522051756198594,14.207692307692305,17.806043956043958,11.06593406593407,2.620536796536797
2020-05-10,44.38461538461539,20.0,288.52120032677277,1.4687333473792448,14.27252747252747,17.85494505494506,11.14615384615385,2.620536796536797
2020-05-17,48.57692307692308,20.0,288.51394770695606,1.58526151913863,14.337362637362636,17.903846153846157,11.22637362637363,2.620536796536797
2020-05-24,52.769230769230774,20.0,288.50669508713935,1.7017896908980155,14.4021978021978,17.952747252747255,11.306593406593409,2.620536796536797
2020-05-31,56.96153846153847,20.0,288.4994424673227,1.8183178626574006,14.467032967032965,18.001648351648353,11.386813186813189,2.620536796536797
2020-06-07,61.15384615384615,20.0,288.492189847506,1.934846034416786,14.53186813186813,18.050549450549454,11.467032967032969,2.620536796536797
2020-06-14,65.34615384615384,20.0,288.4849372276893,2.0513742061761713,14.596703296703295,18.09945054945055,11.547252747252749,2.620536796536797
2020-06-21,69.53846153846155,20.0,288.47768460787256,2.1679023779355564,14.661538461538461,18.14835164835165,11.627472527472529,2.620536796536797
2020-06-28,73.73076923076923,20.0,288.47043198805585,2.284430549694942,14.726373626373626,18.197252747252747,11.707692307692309,2.620536796536797
2020-07-05,77.92307692307693,20.0,288.46317936823914,2.4009587214543275,14.79120879120879,18.24615384615385,11.787912087912089,2.620536796536797
2020-07-12,82.11538461538461,20.0,288.4559267484224,2.5174868932137127,14.856043956043955,18.295054945054947,11.868131868131869,2.620536796536797
2020-07-19,86.3076923076923,20.0,288.4486741286057,2.634015064973098,14.92087912087912,18.343956043956045,11.94835164835165,2.620536796536797
2020-07-26,90.5,20.0,288.44142150878906,2.750543236732483,14.985714285714286,18.392857142857146,12.028571428571428,2.620536796536797
2020-08-02,94.6923076923077,20.0,288.43416888897235,2.8670714084918685,15.05054945054945,18.441758241758244,12.10879120879121,2.620536796536797
2020-08-09,98.88461538461539,20.0,288.42691626915564,2.983599580251254,15.115384615384615,18.49065934065934,12.18901098901099,2.620536796536797
2020-08-16,103.07692307692308,20.0,288.41966364933893,3.100127752010639,15.18021978021978,18.53956043956044,12.26923076923077,2.620536796536797
2020-08-23,107.26923076923077,20.0,288.4124110295222,3.2166559237700243,15.245054945054944,18.58846153846154,12.34945054945055,2.620536796536797
2020-08-30,111.46153846153847,20.0,288.4051584097055,3.33318409552941,15.309890109890109,18.63736263736264,12.42967032967033,2.620536796536797
2020-09-06,115.65384615384616,20.0,288.3979057898888,3.449712267288795,15.374725274725275,18.686263736263736,12.50989010989011,2.620536796536797
2020-09-13,119.84615384615385,20.0,288.3906531700721,3.5662404390481806,15.43956043956044,18.735164835164834,12.59010989010989,2.620536796536797
2020-09-20,124.03846153846155,20.0,288.3834005502554,3.6827686108075657,15.504395604395604,18.784065934065936,12.67032967032967,2.620536796536797
2020-09-27,128.23076923076923,20.0,288.3761479304387,3.7992967825669512,15.569230769230769,18.832967032967034,12.75054945054945,2.620536796536797
2020-10-04,132.42307692307693,20.0,288.368895310622,3.9158249543263364,15.634065934065934,18.88186813186813,12.83076923076923,2.620536796536797
2020-10-11,136.6153846153846,20.0,288.3616426908053,4.032353126085722,15.6989010989011,18.93076923076923,12.91098901098901,2.620536796536797
2020-10-18,140.80769230769232,20.0,288.3543900709886,4.148881297845107,15.763736263736265,18.97967032967033,12.99120879120879,2.620536796536797
2020-10-25,145.0,20.0,288.3471374511719,4.265409469604492,15.82857142857143,19.02857142857143,13.07142857142857,12.24285714285714
2020-11-01,244.0,20.0,288.4053497314453,4.113310635089874,15.76309523809524,19.604761904761904,12.553571428571427,2.620536796536797
2020-11-08,343.0,20.0,288.46356201171875,3.9612118005752563,15.69761904761905,20.180952380952377,12.035714285714285,2.620536796536797
2020-11-15,442.0,20.0,288.5217742919922,3.809112966060639,15.63214285714286,20.757142857142853,11.517857142857142,2.620536796536797
2020-11-22,541.0,20.0,288.5799865722656,3.657014131546021,15.56666666666667,21.33333333333333,11.0,0.0
