Date,dsp_toxins,dsp_phyto,mean_sst,mean_chl,mean_temp,max_temp,min_temp,mean_wind_intensity,mean_wind_dir,wind_dir,rainfall
2015-01-11,36.0,20.0,287.5471496582031,6.142790794372559,8.857142857142856,13.55714285714286,4.957142857142857,2.5,154.6,2.857142857142857,0.01428571428571429
2015-01-18,36.0,20.0,287.2099914550781,4.122447967529297,10.7,14.08571428571429,7.828571428571428,3.0,178.5714285714286,4.0,10.27142857142857
2015-01-25,36.0,20.0,286.5542907714844,6.640703678131104,10.62857142857143,14.01428571428571,7.885714285714286,3.971428571428572,253.1428571428571,6.857142857142857,1.914285714285714
2015-02-01,36.0,20.0,286.46142578125,5.329000473022461,11.77142857142857,14.91428571428571,9.471428571428572,4.771428571428571,316.6,7.285714285714286,1.485714285714286
2015-02-08,22.0,20.0,286.0585632324219,4.484243392944336,8.542857142857143,12.14285714285714,5.485714285714287,4.271428571428571,199.2857142857143,5.571428571428571,0.7000000000000001
2015-02-15,36.0,20.0,286.1357116699219,5.926177501678467,10.54285714285714,14.22857142857143,7.557142857142857,3.5,150.7142857142857,3.428571428571428,0.9285714285714286
2015-02-22,36.0,20.0,286.3042907714844,5.229180335998535,11.77142857142857,15.67142857142857,8.700000000000001,4.571428571428571,164.5714285714286,5.0,0.09999999999999999
2015-03-01,36.0,20.0,286.2585754394531,3.44568943977356,12.15714285714286,15.57142857142857,9.671428571428569,3.542857142857143,334.5714285714286,7.714285714285714,0.1142857142857143
2015-03-08,36.0,20.0,286.49952189127606,5.16502919793129,11.44047619047619,15.990476190476189,8.523809523809524,3.4381143552311433,211.38892075078206,5.664711505039972,1.574548140424053
2015-03-15,36.0,20.0,286.74046834309894,5.16502919793129,13.076190476190476,16.409523809523808,9.77142857142857,3.4381143552311433,211.38892075078206,5.664711505039972,1.574548140424053
2015-03-22,36.0,20.0,286.9814147949219,9.223405838012695,12.77142857142857,16.82857142857143,9.842857142857143,3.8,91.28571428571429,1.857142857142857,3.557142857142857
2015-03-29,36.0,20.0,287.4785766601562,6.421146392822266,12.85714285714286,17.54285714285714,9.885714285714286,5.185714285714286,250.4285714285714,8.0,0.09999999999999999
2015-04-05,36.0,20.0,288.4157104492188,6.021180629730225,18.35714285714286,25.67142857142857,12.97142857142857,3.342857142857143,154.8571428571429,4.714285714285714,0.0
2015-04-12,36.0,20.0,288.2771301269531,4.29341983795166,15.15714285714286,20.18571428571429,11.75714285714286,2.885714285714286,57.42857142857143,3.428571428571428,2.742857142857143
2015-04-19,36.0,20.0,288.8985595703125,11.83003902435303,15.62857142857143,20.32857142857143,12.47142857142857,2.971428571428572,198.5714285714286,4.428571428571429,3.714285714285714
2015-04-26,27.0,20.0,289.0971374511719,5.425005912780762,15.84285714285714,20.15714285714285,12.8,3.399999999999999,275.8571428571428,6.142857142857143,4.442857142857142
2015-05-03,29.0,20.0,289.8328552246094,6.95655632019043,16.44285714285714,20.44285714285714,13.44285714285714,2.9,270.7142857142857,6.0,0.2571428571428572
2015-05-10,48.0,20.0,290.4914245605469,7.386810302734375,17.31428571428571,22.77142857142857,12.82857142857143,3.5,206.2857142857143,5.714285714285714,0.4142857142857143
2015-05-17,95.0,20.0,291.0314331054688,6.734689712524414,20.94285714285714,27.8,15.74285714285714,3.985714285714285,85.0,6.285714285714286,0.0
2015-05-24,88.0,60.0,289.6585693359375,7.408646583557129,19.2,25.34285714285715,14.82857142857143,5.3,111.7142857142857,8.0,0.0
2015-05-31,106.0,20.0,290.4171447753906,9.777497291564941,21.92857142857143,27.92857142857142,17.01428571428572,3.857142857142857,200.0,7.857142857142857,0.0
2015-06-07,63.0,20.0,290.5628356933594,9.836318969726562,21.21428571428572,29.38571428571428,15.71428571428571,3.557142857142857,298.7142857142857,8.0,0.0
2015-06-14,59.0,60.0,291.1357116699219,5.320072650909424,19.8,24.31428571428571,16.51428571428571,3.271428571428571,281.2857142857143,6.285714285714286,2.428571428571428
2015-06-21,133.0,20.0,292.201416015625,6.885584831237793,23.65714285714285,29.87142857142857,18.28571428571428,3.428571428571428,181.1428571428571,7.428571428571429,0.0
2015-06-28,168.0,20.0,292.6099853515625,15.54862785339355,21.94285714285715,29.25714285714286,16.95714285714286,3.371428571428571,283.0,7.571428571428571,0.0
2015-07-05,339.0,60.0,292.53857421875,9.671868324279785,21.52857142857143,28.4,17.02857142857143,3.185714285714285,326.1428571428572,7.428571428571429,0.4
2015-07-12,292.0,20.0,292.6771240234375,8.658209800720215,21.24285714285714,28.14285714285714,16.94285714285714,4.3,336.4285714285714,7.428571428571429,0.0
2015-07-19,97.0,80.0,292.2285766601562,19.13863372802734,22.54285714285714,29.87142857142857,18.1,3.742857142857143,332.4285714285714,7.428571428571429,0.0
2015-07-26,145.0,120.0,292.3299865722656,7.85699987411499,22.7,28.71428571428571,18.4,4.5,347.4285714285714,7.857142857142857,0.04285714285714286
2015-08-02,128.0,20.0,291.9985656738281,6.521821975708008,22.85714285714286,29.24285714285714,18.8,4.2,286.7142857142857,7.428571428571429,0.0
2015-08-09,70.0,40.0,291.6971435546875,7.088574409484863,22.67142857142857,30.12857142857143,17.4,3.914285714285715,300.7142857142857,8.0,0.0
2015-08-16,95.0,300.0,291.1728515625,7.90812873840332,21.3,27.32857142857143,17.35714285714286,3.6,328.7142857142857,7.285714285714286,0.0
2015-08-23,76.0,20.0,291.2442626953125,7.666141033172607,22.11428571428571,28.6,18.02857142857143,3.814285714285714,324.7142857142857,7.285714285714286,0.5571428571428572
2015-08-30,206.0,540.0,291.8857116699219,9.829505920410156,22.62857142857143,28.81428571428571,18.42857142857143,2.942857142857143,256.0,6.857142857142857,0.0
2015-09-06,424.0,380.0,291.3514099121094,5.518749237060547,19.85714285714286,25.0,16.71428571428572,3.871428571428571,324.1428571428572,7.0,0.0
2015-09-13,370.0,1520.0,291.0214233398438,7.284787654876709,20.64285714285714,26.58571428571429,16.68571428571429,3.142857142857143,267.7142857142857,7.142857142857143,0.05714285714285715
2015-09-20,269.0,240.0,291.3228454589844,5.860098838806152,19.92857142857143,25.84285714285714,15.4,3.942857142857143,162.8571428571429,7.0,1.371428571428571
2015-09-27,382.0,300.0,291.7557067871094,6.604112148284912,20.04285714285714,27.72857142857143,15.47142857142857,3.100000000000001,290.4285714285714,7.571428571428571,0.0
2015-10-04,535.0,160.0,291.7542724609375,4.756577014923096,20.77142857142857,26.4,16.71428571428572,3.142857142857142,168.1428571428571,3.571428571428572,0.5571428571428572
2015-10-11,327.0,160.0,291.7857055664062,5.489198684692383,18.08571428571429,21.61428571428572,15.64285714285714,4.071428571428571,260.7142857142857,5.714285714285714,6.328571428571428
2015-10-18,713.0,760.0,291.835693359375,4.291395664215088,18.87142857142857,22.44285714285715,16.34285714285715,3.314285714285715,124.0,2.857142857142857,6.785714285714286
2015-10-25,850.0,540.0,291.8728332519531,5.191266536712646,17.62857142857143,21.05714285714285,14.81428571428571,3.085714285714286,52.0,1.0,3.071428571428572
2015-11-01,712.0,20.0,291.5128479003906,6.19837474822998,16.44285714285714,19.87142857142857,13.84285714285714,3.542857142857142,195.4285714285714,4.428571428571429,7.971428571428571
2015-11-08,150.5,20.0,291.3514099121094,6.63331413269043,17.9,21.42857142857143,15.28571428571428,2.671428571428572,131.8571428571429,3.0,2.771428571428571
2015-11-15,116.0,20.0,291.644287109375,5.723639965057373,16.67142857142857,21.17142857142857,12.91428571428571,2.271428571428571,40.0,2.0,0.0
2015-11-22,87.0,20.0,291.0842895507812,5.613171577453613,14.58571428571429,18.57142857142857,11.37142857142857,2.671428571428572,68.42857142857143,4.0,0.7857142857142857
2015-11-29,60.0,20.0,289.8214111328125,6.140897750854492,13.38571428571429,17.32857142857143,10.6,3.714285714285715,117.2857142857143,5.0,0.0
2015-12-06,66.0,20.0,289.2471313476562,4.675358772277832,12.82857142857143,16.65714285714285,9.62857142857143,2.171428571428571,59.85714285714285,1.142857142857143,0.05714285714285715
2015-12-13,44.0,20.0,289.1856994628906,5.047117710113525,13.64285714285714,16.5,11.2,3.142857142857143,78.71428571428571,1.571428571428571,2.7
2015-12-20,44.0,20.0,289.3757019042969,6.903792381286621,15.47142857142857,19.2,11.65714285714286,3.400000000000001,165.2857142857143,3.714285714285714,2.771428571428571
2015-12-27,37.0,20.0,289.3014221191406,6.352129936218262,10.08571428571429,13.11428571428572,7.5,2.757142857142857,70.57142857142857,1.571428571428571,0.07142857142857142
2016-01-03,71.0,20.0,289.1164245605469,5.920866330464681,13.083673469387753,14.692857142857143,10.195918367346938,3.4381143552311433,211.38892075078206,5.664711505039972,1.574548140424053
2016-01-10,31.0,20.0,288.9314270019531,5.72813892364502,14.07142857142857,16.27142857142857,11.47142857142857,6.157142857142857,253.4285714285714,5.428571428571429,7.0
2016-01-17,36.0,20.0,288.5528564453125,7.219798564910889,11.24285714285714,14.71428571428572,8.185714285714285,2.928571428571428,152.5714285714286,4.428571428571429,2.171428571428572
2016-01-24,36.0,20.0,288.2999877929688,8.227992057800293,14.24285714285714,17.67142857142857,11.72857142857143,2.4,163.4285714285714,3.571428571428572,4.22857142857143
2016-01-31,36.0,20.0,288.1699829101562,6.715459823608398,12.7,15.92857142857143,10.28571428571429,2.628571428571429,167.2857142857143,6.0,3.228571428571429
2016-02-07,38.0,20.0,287.9228515625,9.015928268432617,12.67142857142857,16.44285714285714,10.1,3.757142857142857,110.6666666666667,3.428571428571428,1.433333333333333
2016-02-14,15.0,20.0,287.8714294433594,5.184620380401611,14.2,16.12857142857143,12.57142857142857,5.571428571428572,268.8571428571428,6.0,3.942857142857143
2016-02-21,17.0,20.0,287.2314147949219,5.94184398651123,10.22857142857143,14.51428571428571,6.728571428571429,4.357142857142857,107.0,5.714285714285714,1.342857142857143
2016-02-28,36.0,20.0,287.0271301269531,6.410598754882812,10.98571428571428,14.68571428571429,8.042857142857143,4.028571428571429,264.5714285714286,7.0,4.528571428571428
2016-03-06,36.0,20.0,287.0071411132812,5.412226676940918,11.44285714285714,15.64285714285714,8.657142857142857,3.814285714285715,240.5714285714286,7.571428571428571,0.1857142857142857
2016-03-13,36.0,20.0,286.9457092285156,4.935550212860107,11.65714285714286,16.08571428571429,8.128571428571428,4.171428571428572,106.1428571428571,7.0,0.2285714285714286
2016-03-20,40.0,20.0,287.047119140625,8.473678588867188,12.11428571428571,16.37142857142857,9.200000000000001,2.671428571428571,240.4285714285714,5.571428571428571,2.757142857142857
2016-03-27,42.0,20.0,287.2964172363281,6.701988750033909,12.23469387755102,16.39285714285714,9.302040816326528,3.4381143552311433,211.38892075078206,5.664711505039972,1.574548140424053
2016-04-03,44.0,20.0,287.5457153320312,6.75819730758667,12.37142857142857,16.41428571428571,9.37142857142857,4.071428571428571,276.4285714285714,6.0,3.271428571428571
2016-04-10,36.0,20.0,287.3885498046875,4.959644317626953,13.05714285714286,17.2,10.3,5.014285714285714,268.7142857142857,7.142857142857143,2.885714285714286
2016-04-17,36.0,20.0,287.4585571289062,5.111637115478516,14.01428571428571,17.1,11.41428571428571,5.171428571428571,224.7142857142857,5.142857142857143,6.514285714285714
2016-04-24,37.0,20.0,288.2857055664062,5.598963260650635,15.32857142857143,19.67142857142857,11.81428571428571,3.585714285714285,133.0,5.285714285714286,0.8857142857142858
2016-05-01,374.0,20.0,288.8899841308594,7.037733554840088,15.67142857142857,21.51428571428571,11.54285714285714,3.442857142857143,291.0,6.571428571428571,0.0
2016-05-08,340.0,180.0,289.3385620117188,4.792176723480225,17.1,21.42857142857142,13.62857142857143,4.214285714285714,137.2857142857143,3.0,9.985714285714286
2016-05-15,396.0,160.0,289.2057189941406,6.67791223526001,14.4,18.3,11.84285714285714,4.128571428571429,266.5714285714286,6.0,6.571428571428571
2016-05-22,604.0,20.0,289.7028503417969,6.598034858703613,17.35714285714286,23.27142857142857,13.08571428571429,3.971428571428572,291.1428571428572,7.714285714285714,0.0
2016-05-29,60.0,120.0,289.9757080078125,8.394143104553223,16.92857142857143,21.08571428571429,13.5,4.057142857142858,212.4285714285714,4.571428571428571,2.5
2016-06-05,79.0,20.0,290.9100036621094,6.778157234191895,19.18571428571429,24.58571428571429,14.44285714285714,3.128571428571429,223.2857142857143,6.142857142857143,0.0
2016-06-12,49.0,20.0,291.7071228027344,8.7554292678833,21.1,26.58571428571429,16.61428571428572,3.7,241.0,7.714285714285714,0.0
2016-06-19,40.5,20.0,291.45355224609375,6.638243039449056,20.151020408163266,27.728571428571428,15.575510204081633,3.4381143552311433,211.38892075078206,5.664711505039972,1.574548140424053
2016-06-26,32.0,20.0,291.1999816894531,7.139014720916748,21.74285714285714,28.87142857142857,17.0,3.885714285714286,240.0,7.571428571428571,0.0
2016-07-03,36.0,20.0,290.9785766601562,6.833669662475586,21.88571428571428,29.0,16.84285714285714,4.571428571428572,252.0,8.0,0.0
2016-07-10,38.0,80.0,291.5556945800781,10.91462898254395,22.85714285714285,30.21428571428571,17.54285714285714,3.400000000000001,310.7142857142857,7.0,0.0
2016-07-17,72.0,20.0,291.7685546875,8.208365440368652,24.78571428571428,31.98571428571429,19.18571428571429,4.171428571428572,59.14285714285715,8.0,0.0
2016-07-24,77.0,140.0,292.0400085449219,4.679309844970703,24.11428571428571,31.28571428571428,19.11428571428572,3.985714285714285,196.2857142857143,6.714285714285714,0.0
2016-07-31,166.0,60.0,291.9628601074219,8.204109191894531,23.85714285714286,30.67142857142857,18.54285714285714,3.585714285714286,261.7142857142857,6.714285714285714,0.0
2016-08-07,128.0,120.0,291.8442687988281,6.561018466949463,24.3,31.22857142857143,18.88571428571429,4.085714285714286,253.0,8.0,0.0
2016-08-14,269.0,80.0,291.894287109375,11.50903511047363,26.85714285714286,34.84285714285714,19.74285714285714,3.599999999999999,66.57142857142857,5.0,0.0
2016-08-21,186.0,20.0,292.3092803955078,8.006143927574158,24.495238095238097,33.46428571428571,19.064285714285717,3.4381143552311433,211.38892075078206,5.664711505039972,1.574548140424053
2016-08-28,103.0,20.0,292.7242736816406,6.654636859893799,23.87142857142857,32.08571428571428,18.38571428571429,3.185714285714286,341.5714285714286,7.571428571428571,0.0
2016-09-04,85.0,20.0,292.58570861816406,7.945596694946289,23.228571428571428,31.36428571428571,18.13809523809524,3.4381143552311433,211.38892075078206,5.664711505039972,1.574548140424053
2016-09-11,67.0,20.0,292.4471435546875,6.985268592834473,23.97142857142857,30.64285714285714,19.71428571428572,3.671428571428572,289.0,7.714285714285714,0.0
2016-09-18,49.0,20.0,292.0085754394531,7.209780693054199,20.62857142857143,26.48571428571429,16.57142857142857,3.571428571428572,172.8571428571429,7.285714285714286,2.0
2016-09-25,36.0,20.0,291.5471496582031,5.220171928405762,19.74285714285714,26.1,15.52857142857143,3.314285714285714,286.5714285714286,7.714285714285714,0.0
2016-10-02,36.0,20.0,291.4485778808594,5.558444023132324,21.34285714285714,27.95714285714286,16.42857142857143,3.714285714285714,104.1428571428571,5.714285714285714,0.0
2016-10-09,36.0,20.0,290.9942932128906,5.036436557769775,18.78571428571428,25.74285714285714,14.58571428571429,3.028571428571428,248.7142857142857,7.714285714285714,0.0
2016-10-16,36.0,20.0,290.8385620117188,6.250766277313232,16.94285714285714,21.15,13.85714285714286,2.742857142857143,257.3333333333333,5.714285714285714,3.742857142857143
2016-10-23,41.0,20.0,291.0542602539062,4.117702960968018,18.28571428571428,22.0,15.57142857142857,2.657142857142857,147.0,4.428571428571429,2.071428571428572
2016-10-30,38.5,20.0,291.3821258544922,5.879150986671448,17.387755102040813,21.62857142857143,13.904081632653062,3.4381143552311433,211.38892075078206,5.664711505039972,1.574548140424053
2016-11-06,36.0,20.0,291.7099914550781,4.125266551971436,16.91428571428571,21.25714285714286,13.91428571428571,2.414285714285714,177.0,4.142857142857143,2.957142857142858
2016-11-13,36.0,20.0,290.6699829101562,5.552497386932373,14.58571428571429,18.35714285714286,11.45714285714286,2.485714285714286,277.0,6.285714285714286,0.8142857142857142
2016-11-20,36.0,20.0,290.2414245605469,5.2306809425354,14.85714285714286,18.57142857142857,11.51428571428571,3.657142857142858,143.5714285714286,3.142857142857143,5.857142857142857
2016-11-27,36.0,20.0,289.5885620117188,4.436712265014648,11.54285714285714,15.17142857142857,8.514285714285714,3.357142857142857,184.8571428571429,6.285714285714286,8.6
2016-12-04,35.0,20.0,289.4392700195313,5.038563370704651,13.51020408163265,16.50714285714286,10.324489795918367,3.4381143552311433,211.38892075078206,5.664711505039972,1.574548140424053
2016-12-11,34.0,20.0,289.2899780273438,5.375297546386719,13.74285714285714,17.84285714285715,10.65714285714286,2.671428571428571,71.85714285714286,1.428571428571429,0.02857142857142857
2016-12-18,36.0,20.0,289.355712890625,5.028212547302246,11.94285714285714,14.81428571428571,9.228571428571428,3.757142857142857,158.4285714285714,3.571428571428572,4.885714285714286
2016-12-25,36.0,20.0,288.8999938964844,7.055877685546875,10.98571428571428,15.28571428571429,6.985714285714286,2.671428571428571,30.85714285714286,3.0,0.01428571428571429
2017-01-01,36.0,20.0,288.6746368408203,5.257792132241385,11.214285714285712,14.821428571428575,7.617857142857144,3.4381143552311433,211.38892075078206,5.664711505039972,1.574548140424053
2017-01-08,36.0,20.0,288.44927978515625,5.257792132241385,11.214285714285712,14.357142857142861,7.617857142857144,3.4381143552311433,211.38892075078206,5.664711505039972,1.574548140424053
2017-01-15,36.0,20.0,288.2239227294922,5.44654639561971,11.149999999999997,13.892857142857146,7.8392857142857135,3.4381143552311433,211.38892075078206,5.664711505039972,1.574548140424053
2017-01-22,36.0,20.0,287.9985656738281,6.259156227111816,8.185714285714287,13.42857142857143,3.6,2.642857142857143,70.14285714285714,3.857142857142857,0.0
2017-01-29,36.0,20.0,287.70213317871094,5.631051254272461,11.557142857142855,14.37857142857143,8.228571428571428,3.4381143552311433,211.38892075078206,5.664711505039972,1.574548140424053
2017-02-05,36.0,20.0,287.4057006835938,8.854917526245117,13.48571428571428,15.32857142857143,11.54285714285714,4.971428571428571,224.2857142857143,4.714285714285714,7.114285714285714
2017-02-12,36.0,20.0,287.3635559082031,6.514692306518555,12.128571428571428,16.414285714285715,9.01142857142857,3.4381143552311433,211.38892075078206,5.664711505039972,1.574548140424053
2017-02-19,36.0,20.0,287.3214111328125,5.478061199188232,13.0,17.5,9.542857142857143,3.514285714285714,136.4285714285714,2.857142857142857,1.3
2017-02-26,36.0,20.0,287.2599792480469,4.095339775085449,13.62857142857143,17.62857142857143,10.7,3.957142857142858,208.7142857142857,4.714285714285714,0.0
2017-03-05,89.0,20.0,287.5328369140625,5.685164928436279,12.34285714285714,15.5,9.671428571428573,3.071428571428572,279.7142857142857,6.285714285714286,5.557142857142858
2017-03-12,41.5,20.0,288.1871337890625,4.978962421417236,15.88571428571429,21.62857142857143,11.38571428571429,3.314285714285714,128.8571428571429,5.142857142857143,0.0
2017-03-19,36.0,20.0,288.1271362304688,4.923994064331055,15.14285714285714,20.28571428571428,11.18571428571429,3.8,37.57142857142857,3.142857142857143,0.0
2017-03-26,36.0,20.0,287.7957153320312,8.168825149536133,10.7,14.27142857142857,8.071428571428573,4.057142857142857,291.0,6.142857142857143,4.283333333333332
2017-04-02,36.0,20.0,287.8828430175781,5.88488245010376,14.38571428571429,19.75714285714286,10.38571428571429,3.057142857142857,189.2857142857143,5.285714285714286,0.01428571428571429
2017-04-09,59.0,80.0,288.39617919921875,6.008768439292908,15.126190476190475,21.56666666666667,11.245238095238095,3.4381143552311433,211.38892075078206,5.664711505039972,1.574548140424053
2017-04-16,82.0,80.0,288.9095153808594,5.602175712585449,15.40357142857143,23.37619047619048,11.375396825396827,3.4381143552311433,211.38892075078206,5.664711505039972,1.574548140424053
2017-04-23,105.0,80.0,289.4228515625,6.265542984008789,19.1,25.18571428571429,14.51428571428571,3.328571428571429,114.1428571428571,2.571428571428572,0.0
2017-04-30,90.0,160.0,289.7742919921875,5.812419414520264,15.54285714285714,20.5,11.92857142857143,3.814285714285714,240.1428571428571,5.285714285714286,0.6714285714285715
2017-05-07,40.0,20.0,290.4499816894531,5.340674877166748,17.55,23.95,12.16666666666667,3.342857142857143,110.2857142857143,4.714285714285714,0.0
2017-05-14,85.5,120.0,290.7478485107422,5.910757337297712,18.178571428571427,25.110714285714284,13.761904761904763,3.4381143552311433,211.38892075078206,5.664711505039972,1.574548140424053
2017-05-21,131.0,120.0,291.0457153320312,9.428167343139648,19.95714285714286,26.27142857142857,14.78571428571429,3.685714285714286,134.0,5.285714285714286,0.0
2017-05-28,89.0,140.0,291.3092803955078,6.816752036412557,17.948214285714286,25.25,13.573809523809524,3.4381143552311433,211.38892075078206,5.664711505039972,1.574548140424053
2017-06-04,47.0,140.0,291.5728454589844,5.322427272796631,18.74285714285714,24.22857142857143,15.41428571428571,4.528571428571429,339.2857142857143,7.571428571428572,0.8714285714285713
2017-06-11,48.333333333333336,60.0,291.8438008626302,6.433846378326416,20.514285714285712,25.96666666666667,16.189285714285713,3.4381143552311433,211.38892075078206,5.664711505039972,1.574548140424053
2017-06-18,49.666666666666664,60.0,292.11475626627606,6.433846378326416,20.71142857142857,27.704761904761902,16.462857142857143,3.4381143552311433,211.38892075078206,5.664711505039972,1.574548140424053
2017-06-25,51.0,60.0,292.3857116699219,8.64156436920166,23.14285714285714,29.44285714285714,18.65714285714285,3.314285714285714,253.5714285714286,7.0,0.01428571428571429
2017-07-02,41.0,180.0,291.8985595703125,5.326930999755859,20.21428571428572,25.82857142857143,15.9,4.242857142857143,232.0,6.428571428571429,0.04285714285714286
2017-07-09,52.0,20.0,291.4228515625,7.866940975189209,21.5,26.72857142857143,17.55714285714286,3.514285714285714,273.4285714285714,7.142857142857143,0.1714285714285714
2017-07-16,43.0,40.0,291.489990234375,5.493350982666016,23.1,30.74285714285714,17.61428571428571,3.757142857142857,336.5,7.714285714285714,0.0
2017-07-23,29.0,40.0,291.5214233398438,6.508343696594238,20.55714285714286,26.15714285714285,16.65714285714285,4.2,329.2857142857143,7.428571428571429,0.0
2017-07-30,51.5,20.0,290.9157104492188,6.439956665039062,22.84285714285715,30.59999999999999,17.98571428571429,4.442857142857143,351.0,8.0,0.0
2017-08-06,74.0,20.0,291.1657104492188,7.603446006774902,21.85714285714286,28.22857142857142,17.32857142857143,4.185714285714285,350.5714285714286,8.0,0.0
2017-08-13,55.0,20.0,290.8771362304688,6.840076242174421,22.273469387755103,29.68571428571428,17.56530612244898,3.4381143552311433,211.38892075078206,5.664711505039972,1.574548140424053
2017-08-20,36.0,20.0,290.5885620117188,5.831589698791504,23.35714285714286,31.14285714285714,17.91428571428571,4.185714285714286,288.1428571428572,7.714285714285714,0.0
2017-08-27,36.0,20.0,291.38427734375,5.980291366577148,22.95714285714286,29.72857142857143,18.37142857142857,3.071428571428571,311.2857142857143,7.142857142857143,0.0
2017-09-03,36.0,20.0,291.6156921386719,6.70665168762207,21.24285714285714,27.77142857142857,17.08571428571429,3.342857142857143,290.2857142857143,7.714285714285714,1.357142857142857
2017-09-10,186.5,20.0,291.1499938964844,4.793288707733154,21.35714285714286,27.77142857142857,17.44285714285714,4.100000000000001,246.0,7.857142857142857,0.0
2017-09-17,53.0,20.0,290.1685791015625,4.423764228820801,19.11428571428572,25.84285714285714,15.12857142857143,4.628571428571428,203.5714285714286,8.0,0.0
2017-09-24,100.0,20.0,289.6114196777344,5.0751051902771,18.95714285714286,26.22857142857143,14.47142857142857,3.128571428571429,333.8333333333333,7.714285714285714,0.0
2017-10-01,40.0,20.0,289.9214172363281,5.47589111328125,20.64285714285715,28.0,16.08571428571429,3.128571428571429,304.5714285714286,8.0,0.0
2017-10-08,74.0,20.0,290.1385498046875,4.237061500549316,22.94285714285714,31.08571428571429,16.65714285714285,2.5,102.0,4.571428571428571,0.0
2017-10-15,349.5,340.0,290.6578369140625,5.315455436706543,19.66326530612245,26.43571428571429,15.261224489795918,3.4381143552311433,211.38892075078206,5.664711505039972,1.574548140424053
2017-10-22,625.0,340.0,291.1771240234375,4.122815132141113,18.08571428571429,21.78571428571429,15.01428571428571,3.057142857142857,279.4285714285714,6.142857142857143,4.5
2017-10-29,625.0,300.0,291.3871459960938,4.625959396362305,20.84285714285715,27.32857142857143,15.47142857142857,2.771428571428571,58.42857142857143,1.428571428571429,0.0
2017-11-05,625.0,80.0,291.5057067871094,3.771650314331055,17.05714285714286,21.21428571428572,14.0,3.414285714285714,137.8571428571429,4.285714285714286,3.342857142857143
2017-11-12,629.0,40.0,290.3371276855469,4.675927639007568,14.07142857142857,19.2,10.25714285714286,3.271428571428571,64.42857142857143,5.0,0.0
2017-11-19,590.0,100.0,289.4956970214844,4.19489574432373,13.78571428571428,19.58571428571429,8.842857142857143,2.028571428571429,84.28571428571429,3.0,0.0
2017-11-26,373.0,20.0,289.7442932128906,4.859002113342285,15.07142857142857,19.31428571428572,11.4,2.971428571428571,113.1428571428571,2.428571428571428,2.9
2017-12-03,416.0,20.0,289.5428466796875,4.689551830291748,10.58571428571429,14.02857142857143,7.8,3.357142857142858,32.28571428571428,4.0,3.8
2017-12-10,206.0,20.0,288.9185791015625,5.963950634002686,11.02857142857143,15.14285714285714,7.185714285714286,2.871428571428571,146.5714285714286,3.285714285714286,2.771428571428572
2017-12-17,225.0,20.0,288.6557006835938,3.861641645431519,11.47142857142857,15.04285714285714,8.285714285714286,3.142857142857143,168.0,6.0,3.028571428571428
2017-12-24,129.0,20.0,288.374267578125,4.415040969848633,10.51428571428572,15.12857142857143,5.928571428571429,2.271428571428571,38.85714285714285,2.0,0.0
2017-12-31,121.0,20.0,288.1371459960938,3.143303632736206,13.58571428571429,16.28571428571428,11.12857142857143,3.371428571428571,278.4285714285714,6.0,1.942857142857143
2018-01-07,195.0,20.0,288.1028442382812,2.987118482589722,12.02857142857143,15.05714285714286,9.342857142857143,2.757142857142857,295.5714285714286,6.571428571428571,2.357142857142857
2018-01-14,39.0,20.0,287.624267578125,3.47455358505249,10.24285714285714,13.54285714285714,7.185714285714285,2.642857142857143,209.8571428571429,4.714285714285714,7.1
2018-01-21,53.0,20.0,287.3500061035156,4.575664520263672,11.84285714285714,15.97142857142857,8.485714285714286,2.842857142857143,152.1428571428571,6.714285714285714,0.0
2018-01-28,23.0,20.0,287.0442810058594,5.064448356628418,10.81428571428571,14.54285714285714,7.728571428571429,3.314285714285714,162.5714285714286,5.857142857142857,0.6714285714285714
2018-02-04,36.0,20.0,286.7428588867188,5.170574188232422,11.01428571428572,14.91428571428571,7.871428571428571,4.571428571428571,167.8571428571429,4.857142857142857,0.4
2018-02-11,36.0,20.0,286.432861328125,5.588432788848877,8.885714285714284,12.71428571428571,5.771428571428572,3.557142857142857,55.0,4.857142857142857,0.3857142857142857
2018-02-18,36.0,20.0,286.0828552246094,4.531030178070068,11.72857142857143,16.07142857142857,8.214285714285714,2.828571428571429,203.5714285714286,5.571428571428571,0.5857142857142856
2018-02-25,36.0,20.0,286.5042724609375,5.123119354248047,11.75714285714286,17.65714285714286,7.142857142857143,2.771428571428572,45.71428571428572,1.142857142857143,0.0
2018-03-04,45.0,20.0,286.7142944335938,3.846217393875122,12.55714285714286,15.17142857142857,10.21428571428571,5.642857142857143,209.8571428571429,4.571428571428571,16.12857142857143
2018-03-11,37.5,20.0,286.97999572753906,4.484573205312093,11.555102040816324,15.17857142857143,8.236734693877551,3.4381143552311433,211.38892075078206,5.664711505039972,1.574548140424053
2018-03-18,30.0,20.0,287.2456970214844,8.806842803955078,12.01428571428571,15.18571428571429,9.057142857142859,4.542857142857143,263.5714285714286,5.857142857142857,6.757142857142858
2018-03-25,36.0,20.0,286.9828491210938,7.337430000305176,11.32857142857143,14.94285714285714,8.4,4.571428571428571,273.4285714285714,7.285714285714286,1.771428571428572
2018-04-01,36.0,20.0,287.6071472167969,6.025150299072266,12.61428571428571,17.64285714285714,8.857142857142858,3.514285714285715,240.4285714285714,6.428571428571429,0.6
2018-04-08,36.0,20.0,288.0642700195312,11.124342918396,12.81428571428571,16.71428571428571,10.08571428571429,4.142857142857142,233.1428571428571,5.142857142857143,4.8
2018-04-15,36.0,20.0,287.4942932128906,5.295076370239258,11.87142857142857,15.51428571428571,8.671428571428573,4.0,241.0,6.285714285714286,8.571428571428571
2018-04-22,36.0,20.0,288.9071350097656,5.63313627243042,16.21428571428572,21.77142857142857,12.22857142857143,2.5,73.85714285714286,2.857142857142857,2.171428571428572
2018-04-29,36.0,60.0,289.8399963378906,4.144049167633057,15.24285714285714,21.07142857142858,11.54285714285714,3.928571428571428,280.0,6.428571428571429,1.014285714285714
2018-05-06,116.0,80.0,289.7957153320312,5.113780975341797,15.41428571428571,20.85714285714286,10.9,2.985714285714286,176.7142857142857,7.142857142857143,0.05714285714285715
2018-05-13,118.0,20.0,290.6099853515625,14.66947174072266,15.4,20.45714285714286,12.14285714285714,3.914285714285714,288.0,7.571428571428571,0.02857142857142857
2018-05-20,66.0,60.0,291.1585693359375,8.435575485229492,18.74285714285714,25.21428571428572,13.45714285714286,4.0,85.75,7.75,0.0
2018-05-27,36.0,40.0,291.567138671875,7.8165283203125,16.51428571428572,21.05714285714286,13.4,2.566666666666666,302.5,6.833333333333333,1.828571428571429
2018-06-03,36.0,20.0,291.6285705566406,7.407523155212402,16.07142857142857,20.05714285714286,13.61428571428572,3.542857142857143,316.4285714285714,7.0,0.0
2018-06-10,36.0,40.0,291.345703125,6.906435489654541,16.11428571428572,19.48571428571429,13.82857142857143,3.585714285714286,277.7142857142857,6.142857142857143,1.542857142857143
2018-06-17,36.0,20.0,291.8014221191406,6.604301929473877,18.94285714285714,24.54285714285714,15.01428571428571,4.442857142857143,344.7142857142857,7.857142857142857,0.0
2018-06-24,36.0,20.0,293.7728576660156,7.773019313812256,23.78571428571428,30.42857142857143,19.17142857142857,2.542857142857143,162.2857142857143,4.857142857142857,1.085714285714286
2018-07-01,36.0,20.0,294.2542724609375,6.448688507080078,19.57142857142857,24.24285714285714,16.54285714285714,3.214285714285714,302.0,6.428571428571429,0.4714285714285714
2018-07-08,36.0,40.0,294.2857055664062,6.766309261322021,20.14285714285714,25.08571428571429,16.81428571428571,3.314285714285714,317.5714285714286,7.285714285714286,0.05714285714285715
2018-07-15,36.0,20.0,294.4500122070312,6.083062648773193,20.28571428571428,25.12857142857143,17.41428571428571,3.457142857142858,294.1428571428572,6.571428571428571,0.0
2018-07-22,36.0,220.0,295.0042724609375,6.049296379089355,20.64285714285714,26.27142857142857,17.32857142857143,4.22857142857143,343.2857142857143,7.857142857142857,0.0
2018-07-29,36.0,20.0,295.1099853515625,8.97177791595459,20.47142857142857,25.37142857142857,17.41428571428571,3.271428571428572,323.8571428571428,7.285714285714286,0.0
2018-08-05,36.0,20.0,294.88427734375,6.107264041900635,28.68571428571428,36.62857142857143,21.8,2.885714285714286,245.8571428571429,6.571428571428571,0.0
2018-08-12,36.0,20.0,294.7456970214844,11.29978561401367,21.57142857142857,28.04285714285714,17.1,4.485714285714286,246.8571428571429,8.0,0.0
2018-08-19,36.0,20.0,295.50355529785156,7.3448339568244085,22.744897959183675,30.17142857142857,18.23469387755102,3.4381143552311433,211.38892075078206,5.664711505039972,1.574548140424053
2018-08-26,36.0,20.0,296.2614135742188,11.25854301452637,24.71428571428572,32.3,18.88571428571429,3.114285714285714,327.4285714285714,7.428571428571429,0.0
2018-09-02,36.0,140.0,295.1257019042969,6.393014430999756,23.11428571428572,30.5,18.02857142857143,3.228571428571428,231.1428571428571,7.571428571428571,0.0
2018-09-09,36.0,60.0,294.3485717773438,3.23580265045166,20.01428571428571,24.81428571428571,17.08571428571429,2.671428571428571,267.4285714285714,6.0,0.0
2018-09-16,33.0,120.0,295.4542846679688,5.461937427520752,24.1,31.92857142857143,18.5,2.528571428571428,202.7142857142857,6.714285714285714,0.0
2018-09-23,36.0,60.0,295.3114318847656,11.90529155731201,22.8,31.12857142857143,17.51428571428571,3.057142857142857,201.4285714285714,8.0,0.0
2018-09-30,36.0,140.0,295.2871398925781,5.501340389251709,24.4,32.27142857142858,18.82857142857143,2.814285714285715,193.5714285714286,5.428571428571429,0.0
2018-10-07,36.0,260.0,294.3114013671875,6.630963802337646,22.14285714285714,29.55714285714285,16.61428571428571,2.585714285714286,118.7142857142857,5.0,0.0
2018-10-14,36.0,180.0,292.86572265625,4.526211261749268,19.0,24.17142857142857,15.32857142857143,3.542857142857142,171.2857142857143,3.857142857142857,0.2714285714285714
2018-10-21,150.0,20.0,292.3214111328125,4.961554050445557,17.75714285714286,22.2,14.58571428571429,3.142857142857143,167.1428571428571,4.857142857142857,1.785714285714286
2018-10-28,36.0,20.0,292.2871398925781,4.979412078857422,17.12857142857143,22.22857142857143,13.12857142857143,2.985714285714285,175.7142857142857,4.142857142857143,0.1857142857142857
2018-11-04,36.0,20.0,290.1156921386719,3.521878242492676,13.14285714285714,16.1,10.72857142857143,3.214285714285714,278.2857142857143,6.142857142857143,6.1
2018-11-11,36.0,20.0,289.2442932128906,6.397462368011475,13.92857142857143,17.28571428571428,10.95714285714286,3.871428571428571,245.0,5.428571428571429,12.1
2018-11-18,36.0,20.0,288.9599914550781,5.285255432128906,14.3,18.11428571428571,11.17142857142857,2.385714285714286,109.7142857142857,3.571428571428572,5.085714285714286
2018-11-25,27.0,20.0,288.6671447753906,5.940333843231201,13.18571428571429,16.42857142857143,10.74285714285715,2.828571428571429,219.4285714285714,4.857142857142857,4.0
2018-12-02,36.0,20.0,288.3514099121094,5.537333011627197,11.52857142857143,15.35714285714286,8.271428571428572,1.542857142857143,179.8571428571429,4.0,4.457142857142857
2018-12-09,36.0,20.0,288.2257080078125,4.483880996704102,12.57142857142857,17.14285714285714,8.7,2.057142857142857,81.42857142857143,4.0,0.02857142857142857
2018-12-16,36.0,20.0,288.2900085449219,5.011006355285645,13.15714285714286,16.02857142857143,10.0,3.328571428571429,203.1428571428571,4.428571428571429,2.2
2018-12-23,36.0,20.0,287.96429443359375,5.124235153198242,11.752380952380953,15.264285714285714,8.39047619047619,3.4381143552311433,211.38892075078206,5.664711505039972,1.574548140424053
2018-12-30,36.0,20.0,287.6385803222656,5.626850605010986,10.82857142857143,14.5,7.971428571428571,2.871428571428571,49.85714285714285,2.0,0.01428571428571429
2019-01-06,36.0,20.0,287.0835723876953,5.225500106811523,11.373809523809522,14.50714285714286,7.909523809523809,3.4381143552311433,211.38892075078206,5.664711505039972,1.574548140424053
2019-01-13,36.0,20.0,286.528564453125,4.992743015289307,9.242857142857142,14.51428571428572,4.657142857142857,2.585714285714286,41.85714285714285,1.0,0.0
2019-01-20,36.0,40.0,286.4414367675781,5.706390380859375,10.34285714285714,13.81428571428571,6.714285714285714,2.585714285714285,199.2857142857143,5.571428571428571,2.328571428571429
2019-01-27,36.0,20.0,286.4642639160156,5.317600727081299,12.1,15.77142857142857,9.414285714285713,3.542857142857143,154.0,6.857142857142857,0.2714285714285714
2019-02-03,36.0,20.0,286.32855224609375,5.239400727408273,11.35,15.84285714285714,7.533333333333332,3.4381143552311433,211.38892075078206,5.664711505039972,1.574548140424053
2019-02-10,36.0,20.0,286.1928405761719,5.1138596534729,11.21428571428571,15.91428571428571,7.457142857142857,2.114285714285714,177.5714285714286,4.0,0.2428571428571429
2019-02-17,36.0,20.0,287.0057067871094,5.596439838409424,12.35714285714286,17.85714285714286,8.457142857142857,2.428571428571428,109.2857142857143,2.285714285714286,0.2142857142857143
2019-02-24,36.0,20.0,287.3914184570312,5.083186149597168,12.84285714285714,18.18571428571429,8.5,2.357142857142857,63.28571428571428,2.571428571428572,0.2571428571428572
2019-03-03,36.0,20.0,288.0271301269531,4.889872550964355,13.71428571428571,18.97142857142857,9.728571428571428,2.814285714285714,218.7142857142857,4.857142857142857,0.0
2019-03-10,36.0,20.0,288.2328491210938,7.143109798431396,13.48571428571429,17.37142857142857,10.47142857142857,4.042857142857143,249.1428571428571,5.714285714285714,7.066666666666667
2019-03-17,36.0,20.0,289.1757202148438,8.014339447021484,13.82857142857143,20.05714285714286,9.228571428571428,3.2,205.5714285714286,5.571428571428571,0.0
2019-03-24,36.0,20.0,289.2057189941406,5.427282333374023,15.24285714285714,20.81428571428572,10.45714285714286,3.814285714285714,41.28571428571428,2.0,0.0
2019-03-31,36.0,20.0,289.9100036621094,8.848691940307617,16.62857142857143,22.91428571428571,11.1,3.242857142857143,48.85714285714285,1.0,0.3571428571428572
2019-04-07,36.0,80.0,289.5400085449219,4.821782112121582,12.41428571428571,16.78571428571428,9.142857142857142,3.542857142857143,160.0,6.857142857142857,3.157142857142857
2019-04-14,36.0,20.0,288.8757019042969,5.803970336914062,14.34285714285714,18.35714285714286,11.7,3.428571428571428,286.7142857142857,6.428571428571429,0.9
2019-04-21,36.0,20.0,289.5042724609375,5.822845935821533,15.25714285714286,19.84285714285715,11.61428571428572,3.442857142857143,195.7142857142857,4.285714285714286,1.942857142857143
2019-04-28,36.0,20.0,289.9885559082031,7.064208984375,14.92857142857143,20.2,10.62857142857143,4.514285714285714,209.1428571428571,4.714285714285714,3.2
2019-05-05,36.0,40.0,290.8728485107422,6.426233715481228,16.19795918367347,21.414285714285715,12.434693877551021,3.4381143552311433,211.38892075078206,5.664711505039972,1.574548140424053
2019-05-12,36.0,40.0,291.7571411132812,4.306478977203369,18.22857142857143,22.62857142857143,14.57142857142857,3.871428571428571,194.5714285714286,5.285714285714286,1.7
2019-05-19,36.0,20.0,291.9385681152344,6.916491031646729,19.22857142857143,25.02857142857143,14.84285714285714,3.7,300.2857142857143,6.857142857142857,0.0
2019-05-26,68.0,20.0,292.8528442382812,5.213528156280518,18.98571428571428,25.41428571428571,14.54285714285714,4.042857142857143,191.8571428571429,7.571428571428571,0.0
2019-06-02,36.0,40.0,293.0256958007812,6.301636219024658,24.57142857142857,31.78571428571428,18.17142857142857,4.042857142857143,202.7142857142857,5.714285714285714,0.0
2019-06-09,36.0,40.0,293.3385620117188,5.395817756652832,17.27142857142857,22.65714285714285,13.41428571428571,3.671428571428571,313.8571428571428,7.0,0.9285714285714286
2019-06-16,36.0,20.0,292.7042846679688,6.2633056640625,17.15714285714285,23.08571428571429,13.22857142857143,3.842857142857143,335.8571428571428,7.571428571428571,0.0
2019-06-23,36.0,20.0,293.1985778808594,4.51047420501709,18.78571428571428,23.85714285714286,15.0,3.8,271.1428571428572,6.142857142857143,1.128571428571429
2019-06-30,36.0,120.0,294.4371337890625,9.200064659118652,20.21428571428572,26.32857142857143,16.41428571428571,3.057142857142857,323.4285714285714,7.285714285714286,0.3
2019-07-07,169.0,20.0,294.721435546875,13.64825820922852,19.94285714285714,24.42857142857143,16.95714285714286,3.728571428571428,277.7142857142857,6.0,0.0
2019-07-14,398.0,980.0,295.3571472167969,6.228507995605469,23.21428571428572,29.78571428571428,18.72857142857143,3.371428571428571,243.4,5.714285714285714,0.0
2019-07-21,550.0,540.0,295.6271362304688,5.545373916625977,20.97142857142857,27.34285714285715,17.41428571428571,4.742857142857143,347.0,8.0,0.0
2019-07-28,550.0,40.0,296.010009765625,9.850860595703125,22.05714285714286,28.94285714285714,17.87142857142857,3.614285714285714,319.0,6.857142857142857,0.1285714285714286
2019-08-04,385.0,300.0,295.0114135742188,5.616618156433105,21.0,27.2,16.81666666666667,4.614285714285714,297.2857142857143,7.857142857142857,0.0
2019-08-11,276.0,40.0,295.355712890625,5.48818826675415,21.61428571428571,26.98333333333333,18.5,3.6,303.7142857142857,6.714285714285714,0.6857142857142857
2019-08-18,249.5,20.0,295.65785217285156,7.3724057409498425,22.43265306122449,29.298809523809524,18.018707482993197,3.4381143552311433,211.38892075078206,5.664711505039972,1.574548140424053
2019-08-25,223.0,20.0,295.9599914550781,6.528687953948975,23.75714285714286,31.61428571428572,18.41428571428571,3.471428571428572,296.1428571428572,7.857142857142857,0.07142857142857142
2019-09-01,249.0,460.0,295.80712890625,9.106396675109863,22.04285714285714,29.81428571428571,17.61428571428571,3.3,341.8571428571428,7.857142857142857,0.0
2019-09-08,271.0,164880.0,296.3485717773438,6.01884651184082,25.58571428571429,33.47142857142858,19.5,3.1,192.5714285714286,6.571428571428571,0.0
2019-09-15,184.0,7440.0,294.7371215820312,5.919320106506348,23.2,29.3,18.77142857142857,4.028571428571428,124.2857142857143,5.0,0.01428571428571429
2019-09-22,214.0,20.0,294.0914306640625,4.145851135253906,20.07142857142857,24.85714285714286,17.15714285714285,2.714285714285714,266.4285714285714,5.857142857142857,2.571428571428572
2019-09-29,337.0,20.0,293.7442932128906,6.904916763305664,19.82857142857143,26.45,15.92857142857143,3.114285714285714,327.7142857142857,7.428571428571429,0.0
2019-10-06,97.0,20.0,293.6957092285156,5.11689281463623,19.85,25.88,16.4,2.985714285714285,288.7142857142857,7.571428571428571,0.0
2019-10-13,255.0,20.0,292.8614196777344,5.404713153839111,20.32857142857143,26.14285714285714,16.28571428571429,3.5,167.7142857142857,6.142857142857143,1.385714285714286
2019-10-20,152.0,120.0,291.7999877929688,4.827011585235596,16.87142857142857,20.32857142857143,14.11428571428571,3.285714285714286,260.4285714285714,5.714285714285714,3.600000000000001
2019-10-27,120.0,20.0,290.9728393554688,3.837788343429565,15.81428571428571,20.78571428571428,11.81428571428571,2.542857142857143,170.7142857142857,4.857142857142857,0.0
2019-11-03,35.0,20.0,291.1414184570312,3.138493776321411,19.04285714285714,21.52857142857143,17.31428571428571,3.485714285714286,247.5714285714286,5.571428571428571,2.628571428571429
2019-11-10,37.0,20.0,290.7142944335938,6.23028039932251,14.9,18.25714285714286,12.32857142857143,3.600000000000001,314.3333333333333,6.857142857142857,0.9714285714285715
2019-11-17,36.0,20.0,289.3814086914062,3.936519145965576,13.34285714285714,17.44,10.41428571428571,3.771428571428571,325.2857142857143,7.142857142857143,3.842857142857143
2019-11-24,27.0,20.0,289.0271301269531,5.663764476776123,13.6,16.93333333333333,10.67142857142857,3.285714285714286,258.7142857142857,5.714285714285714,7.985714285714286
2019-12-01,36.0,20.0,288.9599914550781,6.608114242553711,16.08333333333333,18.08571428571429,14.02857142857143,4.271428571428571,250.7142857142857,5.428571428571429,4.385714285714285
2019-12-08,36.0,20.0,287.7128601074219,5.09151029586792,12.5,15.9,9.242857142857142,3.557142857142857,61.57142857142857,3.714285714285714,0.0
2019-12-15,36.0,20.0,287.8914184570312,4.975561141967773,13.04285714285714,16.05714285714286,10.24285714285714,3.257142857142857,247.2857142857143,5.428571428571429,1.785714285714286
2019-12-22,36.0,20.0,287.88499450683594,4.9232270452711315,13.182142857142857,16.32857142857143,10.286507936507936,3.4381143552311433,211.38892075078206,5.664711505039972,1.574548140424053
2019-12-29,36.0,20.0,287.8785705566406,10.60002422332764,13.15,16.6,10.46666666666667,2.914285714285715,54.42857142857143,1.0,0.04285714285714286
2020-01-05,36.0,20.0,287.39642333984375,5.7805334627628335,12.070634920634921,15.566666666666666,9.105555555555556,3.4381143552311433,211.38892075078206,5.664711505039972,1.574548140424053
2020-01-12,36.0,20.0,286.9142761230469,6.012230396270752,10.71666666666667,14.53333333333333,7.066666666666666,2.1,122.1428571428571,4.0,0.0
2020-01-19,36.0,20.0,286.9114074707031,5.995930194854736,13.2,16.18571428571429,10.18571428571429,3.971428571428572,159.7142857142857,4.571428571428571,4.957142857142857
2020-01-26,36.0,20.0,286.9857177734375,6.102317810058594,9.814285714285715,13.37142857142857,7.42857142857143,3.914285714285714,78.85714285714286,1.857142857142857,0.7857142857142857
2020-02-02,36.0,20.0,286.9471435546875,5.921697616577148,15.03333333333333,17.41666666666667,13.3,3.528571428571429,200.8571428571429,4.428571428571429,1.942857142857143
2020-02-09,36.0,20.0,287.3485717773438,7.685832977294922,13.77142857142857,18.5,10.22857142857143,2.085714285714285,111.8571428571429,3.714285714285714,0.1285714285714286
2020-02-16,36.0,20.0,287.6814270019531,2.096034049987793,13.3,17.17142857142857,10.45714285714286,1.385714285714286,197.0,5.428571428571429,0.1714285714285715
2020-02-23,63.0,20.0,287.7071228027344,4.841317176818848,14.48333333333333,19.5,9.142857142857142,3.114285714285714,128.4285714285714,2.857142857142857,0.1571428571428572
2020-03-01,36.0,820.0,287.9356994628906,6.788424491882324,14.0,18.8,10.44285714285714,3.457142857142857,233.4285714285714,5.142857142857143,0.6142857142857142
2020-03-08,36.0,20.0,288.4400024414062,7.055176734924316,14.27142857142857,18.25714285714286,11.11428571428572,3.971428571428572,263.1428571428572,6.0,0.3
2020-03-15,36.0,20.0,289.28857421875,4.783356189727783,14.6,20.22,10.86,3.316666666666666,180.3333333333333,6.833333333333333,0.0
2020-03-22,36.0,120.0,288.0885620117188,3.576792240142822,13.74285714285714,17.73333333333333,10.08571428571429,3.714285714285715,157.8571428571429,4.714285714285714,0.9428571428571428
2020-03-29,63.0,120.0,288.8814086914062,4.769620895385742,14.525,19.575,10.76,3.46,132.0,3.0,0.0
2020-04-05,49.5,120.0,288.5499877929688,4.854065895080566,12.42857142857143,16.72857142857143,8.614285714285714,3.314285714285715,222.5714285714286,4.857142857142857,5.014285714285713
2020-04-12,36.0,120.0,288.9114074707031,4.105482578277588,15.91428571428571,19.82857142857143,13.24285714285714,2.614285714285714,266.1428571428572,5.857142857142857,5.600000000000001
2020-04-19,36.0,120.0,290.0085754394531,6.895740509033203,14.7,18.85,11.82857142857143,3.628571428571429,195.0,5.285714285714286,7.428571428571429
2020-04-26,211.0,120.0,290.2728576660156,5.781465530395508,15.0,19.6,11.68333333333333,3.428571428571428,270.1428571428572,7.0,1.928571428571429
2020-05-03,144.0,120.0,291.0242614746094,8.312018394470215,17.15714285714285,22.54285714285714,13.3,3.142857142857143,202.8571428571429,5.428571428571429,0.9
2020-05-10,68.0,120.0,291.9428405761719,6.753923416137695,17.55,21.6,14.5,3.828571428571428,276.4285714285714,6.142857142857143,2.2
2020-05-17,36.0,120.0,291.9285583496094,6.347370147705078,16.47142857142857,20.84285714285715,13.17142857142857,3.014285714285715,117.5714285714286,3.714285714285714,5.471428571428572
2020-05-24,60.0,120.0,293.1842651367188,7.27736234664917,20.45714285714286,27.52857142857143,15.6,2.928571428571428,341.8571428571428,7.571428571428571,0.0
2020-05-31,85.0,120.0,293.8614196777344,9.87891960144043,23.72857142857143,30.65714285714285,18.38571428571429,2.314285714285714,282.5714285714286,7.428571428571429,0.0
2020-06-07,36.0,120.0,294.9057006835938,6.300414562225342,19.91428571428571,24.65714285714285,16.14285714285714,1.471428571428572,291.0,6.285714285714286,0.0
2020-06-14,36.0,120.0,294.5549926757813,6.850299676259358,20.520408163265305,24.81190476190476,16.116326530612245,3.4381143552311433,211.38892075078206,5.664711505039972,1.574548140424053
2020-06-21,36.0,120.0,294.2042846679688,7.626106262207031,19.47142857142857,24.96666666666667,15.38571428571429,2.6,335.7142857142857,7.571428571428571,0.08571428571428572
2020-06-28,36.0,120.0,295.4757080078125,6.121474266052246,21.6,28.37142857142857,17.28571428571428,3.128571428571429,338.8571428571428,7.571428571428571,0.05714285714285715
2020-07-05,77.0,60.0,295.932861328125,6.376603126525879,22.0,29.38571428571428,16.84285714285714,3.8,296.0,7.857142857142857,0.0
2020-07-12,36.0,180.0,296.3099975585938,7.36277961730957,23.72857142857142,32.16666666666666,17.95714285714286,3.242857142857143,330.2857142857143,7.428571428571429,0.0
2020-07-19,71.0,60.0,297.3342895507812,8.756911277770996,27.65,35.38333333333333,21.15,3.271428571428572,185.0,6.428571428571429,0.0
2020-07-26,60.0,18940.0,297.3514099121094,5.37515115737915,24.7,32.82857142857143,19.08571428571429,3.600000000000001,251.2857142857143,6.714285714285714,0.1571428571428572
2020-08-02,58.0,14000.0,296.9428405761719,6.626396179199219,22.78571428571428,30.68571428571429,17.68571428571429,3.914285714285714,335.2857142857143,7.571428571428571,0.0
2020-08-09,47.0,240.0,296.499267578125,6.818229556083679,23.820238095238093,28.800000000000004,18.622619047619047,3.4381143552311433,211.38892075078206,5.664711505039972,1.574548140424053
2020-08-16,36.0,240.0,296.0556945800781,8.362895011901855,21.14285714285714,26.91428571428572,17.65714285714285,3.842857142857143,321.5714285714286,7.142857142857143,0.08571428571428572
2020-08-23,62.5,60.0,296.249267578125,7.076039612293243,23.569047619047613,28.678571428571438,18.48333333333333,3.4381143552311433,211.38892075078206,5.664711505039972,1.574548140424053
2020-08-30,89.0,60.0,296.4428405761719,5.679323196411133,22.91428571428571,30.44285714285715,18.2,4.185714285714286,300.8571428571428,8.0,0.0
2020-09-06,73.0,20.0,295.3485717773438,5.118331432342529,24.65714285714285,33.41428571428572,18.1,3.014285714285714,108.0,8.0,0.0
2020-09-13,185.0,100.0,295.6728515625,7.36290168762207,25.21428571428572,32.91428571428571,20.17142857142857,2.885714285714286,199.7142857142857,5.571428571428571,0.0
2020-09-20,70.0,80.0,294.63427734375,5.747246742248535,20.74285714285714,25.14285714285714,18.07142857142857,3.714285714285715,218.5714285714286,4.714285714285714,2.728571428571429
2020-09-27,104.5,20.0,294.1085662841797,6.3246064867292136,21.177551020408163,24.45,16.830612244897956,3.4381143552311433,211.38892075078206,5.664711505039972,1.574548140424053
2020-10-04,139.0,20.0,293.5828552246094,4.601247310638428,18.42857142857143,23.75714285714286,14.84285714285714,3.5,274.2857142857143,7.428571428571429,0.4
2020-10-11,93.0,20.0,293.1957092285156,4.214049339294434,19.77142857142857,26.32857142857143,15.51428571428571,3.128571428571429,150.1428571428571,6.857142857142857,0.0
2020-10-18,82.0,40.0,291.5071411132812,4.931882858276367,16.51428571428572,22.48571428571428,12.91428571428571,3.557142857142857,210.1428571428571,6.0,0.0
2020-10-25,36.0,20.0,290.8800048828125,4.317745208740234,16.35714285714286,19.74285714285714,13.31428571428571,3.371428571428571,232.4285714285714,5.285714285714286,12.75714285714286
2020-11-01,36.0,20.0,290.67356872558594,5.246590971946716,16.944897959183674,19.042857142857144,13.669387755102038,3.4381143552311433,211.38892075078206,5.664711505039972,1.574548140424053
2020-11-08,36.0,20.0,290.4671325683594,4.931776523590088,15.38571428571429,18.34285714285715,12.98571428571429,3.942857142857143,139.8571428571429,5.285714285714286,3.342857142857143
2020-11-15,528.0,20.0,289.5828552246094,4.261167526245117,15.65714285714286,19.2,12.9,2.071428571428572,141.4285714285714,3.0,0.4285714285714285
2020-11-22,36.0,860.0,290.1928405761719,3.683832406997681,16.5,20.52857142857143,13.21428571428571,2.985714285714286,63.42857142857143,1.285714285714286,0.01428571428571429
2020-11-29,36.0,60.0,288.3671264648438,5.711833477020264,12.42857142857143,16.32857142857143,9.4,2.528571428571428,97.71428571428571,4.142857142857143,7.628571428571428
2020-12-06,36.0,20.0,288.2228393554688,4.5816918313503265,14.621428571428574,16.528571428571432,11.766666666666666,3.4381143552311433,211.38892075078206,5.664711505039972,1.574548140424053
2020-12-13,36.0,20.0,288.0785522460938,4.553209781646729,14.7,16.72857142857143,12.65714285714286,3.914285714285714,274.8571428571428,6.0,2.742857142857143
2020-12-20,36.0,20.0,288.1714172363281,5.286814212799072,13.05714285714286,16.65714285714285,9.442857142857141,2.642857142857143,248.7142857142857,5.428571428571429,5.942857142857143
2020-12-27,36.0,20.0,288.1714172363281,4.67805416243417,13.395238095238097,16.65714285714285,10.499999999999998,3.4381143552311433,211.38892075078206,5.664711505039972,1.574548140424053
2021-01-03,36.0,20.0,288.1714172363281,4.738105654716492,13.87857142857143,16.65714285714285,11.049999999999997,3.4381143552311433,211.38892075078206,5.664711505039972,1.574548140424053
